Date,HomeTeam,FTHG,HTHG,HS,HST,HC,HF,HY,HR,AwayTeam,FTAG,HTAG,AS,AST,AC,AF,AY,AR,Referee,FTR,HTR,AvgH,AvgD,AvgA,Max>2.5,Max<2.5,Avg>2.5,Avg<2.5,AvgAHH,AvgAHA,HomePointsBefore,AwayPointsBefore,HomeLeaguePosBefore,AwayLeaguePosBefore,ResultNum
2025-08-08,Birmingham,1,0,11,3,1,16,2,0,Ipswich,1,0,7,1,4,22,3,0,A Kitchen,D,D,2.45,3.3,2.87,2.1,1.74,2.05,1.72,1.73,2.01,0.0,0.0,1.0,8.0,1
2025-08-09,Sheffield United,1,1,20,6,14,10,0,0,Bristol City,4,2,9,5,3,10,0,0,J Smith,A,A,1.71,3.78,4.61,1.93,1.95,1.86,1.89,1.86,1.82,0.0,0.0,17.0,4.0,0
2025-08-09,West Brom,1,1,13,5,3,13,2,1,Blackburn,0,0,10,1,7,13,0,0,D Webb,H,H,1.82,3.43,4.48,2.25,1.67,2.2,1.63,1.79,1.96,0.0,0.0,22.0,4.0,2
2025-08-09,QPR,1,1,13,3,5,7,0,0,Preston,1,0,11,3,4,9,3,0,O Langford,D,H,2.32,3.19,3.12,2.3,1.62,2.25,1.6,1.9,1.78,0.0,0.0,16.0,15.0,1
2025-08-09,Oxford,0,0,18,4,8,15,1,0,Portsmouth,1,1,9,4,4,10,2,0,D Whitestone,A,A,2.53,3.28,2.74,2.1,1.76,2.04,1.73,1.8,1.95,0.0,0.0,15.0,16.0,0
2025-08-09,Stoke,3,0,12,7,7,12,1,0,Derby,1,0,3,2,3,14,2,0,E Bell,H,D,2.27,3.13,3.28,2.5,1.53,2.43,1.52,1.85,1.84,0.0,0.0,18.0,10.0,2
2025-08-09,Middlesbrough,1,0,6,3,7,15,2,0,Swansea,0,0,3,1,2,15,5,0,F Hallam,H,D,1.99,3.47,3.64,1.98,1.91,1.92,1.83,1.95,1.8,0.0,0.0,13.0,18.0,2
2025-08-09,Southampton,2,0,27,10,7,12,2,0,Wrexham,1,1,10,2,4,13,2,0,J Bell,H,A,1.71,3.74,4.77,1.98,1.91,1.89,1.84,1.88,1.81,0.0,0.0,17.0,19.0,2
2025-08-09,Coventry,0,0,18,3,8,7,3,0,Hull,0,0,7,3,2,11,3,0,R Madley,D,D,1.73,3.75,4.58,1.91,1.95,1.86,1.88,1.9,1.79,0.0,0.0,12.0,13.0,1
2025-08-09,Charlton,1,0,12,5,3,6,1,0,Watford,0,0,10,1,2,16,2,0,S Martin,H,D,2.47,3.24,2.88,2.2,1.73,2.12,1.67,1.76,1.98,0.0,0.0,13.0,18.0,2
2025-08-09,Norwich,1,0,15,3,6,5,1,0,Millwall,2,0,15,3,5,15,4,0,A Herczeg,A,D,2.02,3.36,3.69,2.1,1.73,2.07,1.71,1.99,1.77,0.0,0.0,16.0,15.0,0
2025-08-10,Leicester,2,0,27,13,13,6,0,0,Sheffield Weds,1,1,7,3,3,13,0,1,M Donohue,H,A,1.14,7.7,18.06,1.53,2.63,1.49,2.5,1.92,1.76,0.0,0.0,15.0,16.0,2
2025-08-16,Preston,2,1,14,4,6,11,2,0,Leicester,1,0,14,2,4,7,0,0,G Ward,H,H,3.56,3.33,2.09,2.12,1.73,2.08,1.7,1.98,1.69,1.0,3.0,12.0,3.0,2
2025-08-16,Watford,2,2,17,4,2,9,1,1,QPR,1,1,13,3,4,9,2,0,T Harrington,H,H,2.12,3.28,3.51,2.23,1.73,2.15,1.65,1.75,1.95,0.0,1.0,22.0,13.0,2
2025-08-16,Swansea,1,0,13,4,4,13,1,0,Sheffield United,0,0,8,0,8,14,3,0,T Kirk,H,D,2.83,3.21,2.54,2.2,1.73,2.13,1.67,1.95,1.81,0.0,0.0,22.0,24.0,2
2025-08-16,Sheffield Weds,0,0,15,5,6,12,0,0,Stoke,3,1,12,6,7,10,3,0,L Smith,A,A,3.91,3.45,1.94,2.0,1.8,1.99,1.77,1.85,1.91,0.0,3.0,19.0,3.0,0
2025-08-16,Millwall,0,0,11,1,6,16,4,0,Middlesbrough,3,0,12,5,10,11,5,0,T Nield,A,D,2.18,3.19,3.44,2.3,1.63,2.23,1.61,1.79,1.9,3.0,3.0,4.0,7.0,0
2025-08-16,Wrexham,2,1,15,3,5,5,2,0,West Brom,3,1,17,5,5,7,0,0,J Busby,A,D,2.75,3.18,2.6,2.2,1.68,2.16,1.65,1.96,1.81,0.0,3.0,19.0,8.0,0
2025-08-16,Blackburn,1,0,5,2,3,14,1,0,Birmingham,2,0,8,4,5,13,2,0,O Langford,A,D,3.11,3.25,2.33,2.3,1.67,2.23,1.61,1.79,1.86,0.0,1.0,19.0,13.0,0
2025-08-16,Portsmouth,1,0,19,3,9,8,3,0,Norwich,2,2,11,5,0,13,3,0,S Martin,A,A,2.43,3.39,2.83,1.98,1.91,1.91,1.84,1.75,2.02,3.0,0.0,9.0,18.0,0
2025-08-16,Derby,3,2,13,4,6,14,2,0,Coventry,5,2,20,10,5,11,5,0,A Backhouse,A,D,3.0,3.19,2.41,2.36,1.62,2.26,1.59,1.74,1.92,0.0,1.0,22.0,16.0,0
2025-08-16,Bristol City,0,0,14,1,4,9,0,0,Charlton,0,0,8,2,6,13,1,0,B Speedie,D,D,1.92,3.46,3.98,2.1,1.74,2.07,1.7,1.89,1.87,3.0,3.0,7.0,9.0,1
2025-08-17,Ipswich,1,1,14,1,4,7,2,0,Southampton,1,1,11,3,5,20,2,0,R Madley,D,D,2.08,3.45,3.36,1.91,1.98,1.85,1.89,1.74,1.95,1.0,3.0,16.0,9.0,1
2025-08-17,Hull,3,2,19,7,10,7,1,0,Oxford,2,2,11,6,4,8,1,0,A Kitchen,H,D,1.92,3.3,4.15,2.3,1.63,2.25,1.59,1.89,1.86,1.0,0.0,17.0,19.0,2
2025-08-22,Derby,1,0,5,2,4,15,3,0,Bristol City,1,1,11,3,5,5,0,0,D Webb,D,A,2.95,3.18,2.45,2.38,1.6,2.3,1.57,1.72,1.95,0.0,4.0,22.0,4.0,1
2025-08-23,Sheffield United,0,0,14,4,8,11,3,0,Millwall,1,1,17,6,7,16,2,0,J Busby,A,A,2.0,3.35,3.79,2.25,1.67,2.18,1.64,1.97,1.79,0.0,3.0,23.0,16.0,0
2025-08-23,Wrexham,2,2,11,4,3,7,0,0,Sheffield Weds,2,0,21,7,9,8,0,0,F Hallam,D,H,1.56,4.16,5.59,1.82,2.01,1.77,1.97,1.9,1.82,0.0,0.0,20.0,23.0,1
2025-08-23,West Brom,1,1,13,3,2,10,2,0,Portsmouth,1,0,8,4,3,16,5,0,E Bell,D,H,1.78,3.64,4.43,2.03,1.83,1.97,1.77,1.97,1.73,6.0,3.0,3.0,14.0,1
2025-08-23,Southampton,1,0,18,2,7,6,1,0,Stoke,2,0,12,4,3,12,3,1,J Smith,A,D,1.73,3.77,4.61,2.0,1.91,1.93,1.82,1.89,1.79,4.0,6.0,10.0,2.0,0
2025-08-23,Preston,1,1,2,1,3,14,6,0,Ipswich,0,0,15,2,6,5,2,0,M Donohue,H,H,3.68,3.39,2.03,2.1,1.73,2.08,1.7,1.76,1.98,4.0,2.0,9.0,17.0,2
2025-08-23,Hull,0,0,8,2,2,18,3,0,Blackburn,3,1,14,6,1,19,3,0,T Nield,A,A,2.35,3.19,3.08,2.48,1.62,2.3,1.57,1.92,1.76,4.0,0.0,9.0,23.0,0
2025-08-23,Coventry,7,5,19,8,9,15,1,0,QPR,1,0,10,1,4,8,2,0,A Herczeg,H,H,1.55,4.07,5.97,1.95,1.91,1.91,1.84,1.89,1.81,4.0,1.0,7.0,19.0,2
2025-08-23,Birmingham,1,1,16,1,4,11,0,0,Oxford,0,0,6,1,1,17,0,0,R Jones,H,H,1.46,4.34,6.86,1.95,1.93,1.87,1.87,1.97,1.72,4.0,0.0,8.0,23.0,2
2025-08-23,Swansea,1,0,11,2,7,11,3,0,Watford,1,1,9,4,2,17,5,0,S Martin,D,A,2.03,3.37,3.68,2.25,1.67,2.17,1.64,1.99,1.77,3.0,3.0,17.0,16.0,1
2025-08-23,Charlton,0,0,20,7,13,18,2,0,Leicester,1,0,6,2,4,9,1,0,D Whitestone,A,D,3.35,3.3,2.17,2.18,1.73,2.11,1.68,1.9,1.76,4.0,3.0,9.0,16.0,0
2025-08-23,Norwich,1,0,14,3,5,11,0,1,Middlesbrough,2,2,11,4,3,14,3,0,L Doughty,A,A,2.24,3.45,3.08,1.93,1.93,1.88,1.86,1.85,1.82,3.0,6.0,17.0,6.0,0
2025-08-29,Leicester,2,1,5,2,1,11,3,0,Birmingham,0,0,11,1,7,16,3,0,J Smith,H,H,2.49,3.2,2.86,2.22,1.72,2.13,1.67,2.06,1.7,6.0,7.0,7.0,5.0,2
2025-08-30,Watford,2,0,10,4,4,14,2,0,Southampton,2,1,12,7,5,12,5,0,F Hallam,D,A,2.91,3.36,2.39,2.03,1.83,1.96,1.79,1.76,1.94,4.0,4.0,12.0,10.0,1
2025-08-30,Sheffield Weds,0,0,9,1,2,14,0,0,Swansea,2,0,17,8,7,10,2,0,A Backhouse,A,D,3.11,3.27,2.29,2.2,1.73,2.1,1.68,1.83,1.86,1.0,4.0,21.0,13.0,0
2025-08-30,Portsmouth,1,1,10,2,6,11,1,0,Preston,0,0,13,2,4,7,2,0,T Harrington,H,H,2.2,3.32,3.27,2.14,1.73,2.09,1.69,1.84,1.9,4.0,7.0,13.0,6.0,2
2025-08-30,Oxford,2,1,14,3,0,13,1,0,Coventry,2,2,15,6,5,10,2,0,R Ricardo,D,A,4.43,3.69,1.77,2.0,1.85,1.94,1.8,1.76,1.98,0.0,7.0,23.0,4.0,1
2025-08-30,Millwall,0,0,21,2,5,10,1,0,Wrexham,2,0,6,3,2,13,3,0,T Kirk,A,D,2.0,3.4,3.72,2.1,1.75,2.04,1.73,1.95,1.8,6.0,1.0,10.0,19.0,0
2025-08-30,Ipswich,2,1,18,5,6,14,2,0,Derby,2,0,10,2,3,14,7,0,L Doughty,D,H,1.53,3.97,6.29,2.1,1.8,2.0,1.75,1.9,1.86,2.0,1.0,19.0,21.0,1
2025-08-30,Blackburn,0,0,12,3,3,9,2,1,Norwich,2,1,15,4,9,7,0,0,B Speedie,A,A,2.37,3.31,2.95,2.1,1.8,1.98,1.77,1.98,1.76,3.0,3.0,17.0,19.0,0
2025-08-30,Stoke,0,0,13,3,5,7,1,0,West Brom,1,1,12,3,5,11,2,0,M Donohue,A,A,2.57,3.26,2.72,2.15,1.73,2.09,1.69,1.86,1.91,9.0,7.0,1.0,5.0,0
2025-08-30,QPR,3,1,13,6,1,16,2,0,Charlton,1,0,13,3,2,7,2,0,A Kitchen,H,H,2.91,3.23,2.44,2.2,1.73,2.13,1.67,2.03,1.75,1.0,4.0,23.0,16.0,2
2025-08-30,Middlesbrough,1,0,15,6,5,5,0,0,Sheffield United,0,0,8,0,9,13,3,0,L Smith,H,D,2.19,3.42,3.19,1.97,1.95,1.91,1.84,1.83,1.91,9.0,0.0,3.0,24.0,2
2025-08-30,Bristol City,4,3,29,5,8,7,1,0,Hull,2,1,20,9,5,8,1,0,G Ward,H,H,1.88,3.47,4.15,2.1,1.8,2.04,1.72,1.85,1.91,5.0,4.0,12.0,16.0,2
2025-09-12,Ipswich,5,1,21,11,3,11,0,0,Sheffield United,0,0,10,2,5,15,2,0,F Hallam,H,H,1.82,3.63,4.23,1.95,1.91,1.89,1.86,1.8,1.97,3.0,0.0,20.0,24.0,2
2025-09-13,Swansea,2,1,9,2,5,8,1,0,Hull,2,1,15,6,2,5,1,0,D Webb,D,D,1.82,3.55,4.36,2.05,1.8,1.99,1.77,1.8,1.96,7.0,4.0,7.0,18.0,1
2025-09-13,Wrexham,1,0,21,8,12,5,1,0,QPR,3,2,15,6,9,10,0,0,B Speedie,A,A,1.91,3.52,3.94,1.98,1.95,1.89,1.85,1.88,1.88,4.0,4.0,17.0,19.0,0
2025-09-13,West Brom,0,0,18,3,11,8,1,0,Derby,1,0,4,1,0,10,2,0,R Ricardo,A,D,1.76,3.4,4.98,2.38,1.62,2.29,1.58,1.98,1.79,10.0,2.0,2.0,21.0,0
2025-09-13,Watford,0,0,14,1,5,12,1,0,Blackburn,1,0,14,5,7,14,2,0,D Whitestone,A,D,2.26,3.27,3.19,2.2,1.71,2.13,1.67,1.92,1.86,5.0,3.0,16.0,21.0,0
2025-09-13,Stoke,1,1,8,3,5,11,3,0,Birmingham,0,0,7,0,3,11,1,0,M Salisbury,H,H,3.05,3.18,2.38,2.3,1.68,2.19,1.63,1.77,1.95,9.0,7.0,3.0,10.0,2
2025-09-13,Oxford,2,2,19,2,4,10,1,0,Leicester,2,1,8,5,4,11,2,1,B Toner,D,H,4.13,3.49,1.87,2.15,1.78,2.04,1.73,1.91,1.85,1.0,9.0,22.0,4.0,1
2025-09-13,Coventry,1,0,28,4,11,12,2,0,Norwich,1,1,4,1,2,7,6,0,G Ward,D,A,1.72,3.93,4.44,1.7,2.2,1.67,2.12,1.91,1.87,8.0,6.0,5.0,13.0,1
2025-09-13,Charlton,1,1,14,3,3,12,1,1,Millwall,1,0,15,3,4,18,1,0,R Madley,D,H,2.41,3.11,3.08,2.54,1.57,2.36,1.55,2.04,1.76,4.0,6.0,21.0,15.0,1
2025-09-13,Sheffield Weds,0,0,6,0,4,19,2,0,Bristol City,3,3,9,4,1,9,0,0,T Nield,A,A,3.59,3.53,2.0,1.91,1.95,1.86,1.88,1.8,1.98,1.0,8.0,23.0,6.0,0
2025-09-13,Preston,2,1,7,2,3,13,1,0,Middlesbrough,2,0,14,3,4,7,3,0,T Kirk,D,H,3.07,3.27,2.31,2.2,1.74,2.08,1.7,1.81,1.91,7.0,12.0,10.0,2.0,1
2025-09-14,Southampton,0,0,9,1,7,16,4,0,Portsmouth,0,0,10,1,5,14,2,0,M Donohue,D,D,1.72,3.84,4.57,1.85,2.06,1.79,1.97,1.9,1.87,5.0,7.0,16.0,10.0,1
2025-09-19,Middlesbrough,2,1,9,4,2,3,0,0,West Brom,1,0,15,3,3,7,0,0,A Kitchen,H,H,2.19,3.33,3.28,2.1,1.85,2.0,1.76,1.86,1.92,13.0,10.0,1.0,5.0,2
2025-09-20,Sheffield United,0,0,13,1,6,14,1,0,Charlton,1,0,13,4,1,18,3,0,B Toner,A,D,1.83,3.52,4.34,2.1,1.73,2.09,1.69,1.81,1.95,0.0,5.0,24.0,18.0,0
2025-09-20,Norwich,2,1,14,5,2,6,1,0,Wrexham,3,0,11,8,3,9,3,0,D Webb,A,H,1.8,3.76,4.17,1.73,2.1,1.71,2.07,1.77,1.99,7.0,4.0,11.0,21.0,0
2025-09-20,Derby,0,0,7,2,3,10,2,0,Preston,1,1,10,6,4,7,2,0,L Smith,A,A,2.34,3.06,3.24,2.75,1.5,2.61,1.46,1.94,1.82,5.0,8.0,20.0,8.0,0
2025-09-20,Portsmouth,0,0,25,5,11,5,1,0,Sheffield Weds,2,1,13,8,5,10,5,0,R Ricardo,A,A,1.55,4.11,5.74,1.91,1.98,1.83,1.92,1.92,1.86,8.0,1.0,9.0,23.0,0
2025-09-20,Leicester,0,0,17,9,10,8,0,0,Coventry,0,0,11,3,3,11,3,0,O Langford,D,D,2.46,3.46,2.71,1.73,2.1,1.69,2.09,1.8,1.95,10.0,9.0,5.0,7.0,1
2025-09-20,Birmingham,1,0,23,7,7,13,5,0,Swansea,0,0,9,2,2,11,4,0,J Busby,H,D,1.87,3.33,4.37,2.4,1.61,2.31,1.57,1.85,1.91,7.0,8.0,13.0,8.0,2
2025-09-20,QPR,1,0,14,7,3,8,5,0,Stoke,0,0,7,1,6,13,3,0,T Robinson,H,D,2.68,3.26,2.62,2.1,1.73,2.06,1.72,1.9,1.87,7.0,12.0,14.0,2.0,2
2025-09-20,Hull,3,1,11,4,1,15,5,0,Southampton,1,0,14,4,6,10,3,0,A Backhouse,H,H,3.01,3.52,2.24,1.8,2.1,1.74,2.03,1.84,1.88,5.0,6.0,21.0,17.0,2
2025-09-21,Bristol City,1,0,12,2,8,15,4,0,Oxford,3,2,18,6,5,14,1,0,J Brooks,A,A,1.59,3.94,5.43,1.93,1.93,1.9,1.86,2.01,1.78,11.0,2.0,3.0,23.0,0
2025-09-22,Millwall,1,1,9,2,7,11,1,0,Watford,0,0,11,4,4,9,0,0,J Smith,H,H,2.07,3.23,3.65,2.3,1.66,2.23,1.61,2.03,1.74,7.0,5.0,16.0,21.0,2
2025-09-26,West Brom,1,1,11,5,3,13,2,0,Leicester,1,0,13,1,3,16,5,0,S Martin,D,H,2.22,3.27,3.27,2.2,1.73,2.1,1.69,1.88,1.89,10.0,11.0,7.0,4.0,1
2025-09-27,Preston,0,0,7,2,2,9,4,0,Bristol City,0,0,19,7,9,10,1,0,R Madley,D,D,2.58,3.26,2.71,2.1,1.75,2.05,1.72,1.84,1.92,11.0,11.0,5.0,4.0,1
2025-09-27,Watford,2,0,21,8,6,7,1,0,Hull,1,1,11,4,6,16,5,0,O Langford,H,A,2.23,3.35,3.16,2.02,1.91,1.95,1.81,1.89,1.87,5.0,8.0,21.0,14.0,2
2025-09-27,Stoke,1,0,23,6,12,11,0,0,Norwich,1,1,6,3,2,9,3,0,E Bell,D,A,2.02,3.51,3.53,1.95,1.93,1.89,1.86,1.98,1.78,12.0,7.0,3.0,16.0,1
2025-09-27,Southampton,1,0,14,2,6,11,2,0,Middlesbrough,1,0,7,1,3,17,6,0,F Hallam,D,D,2.34,3.44,2.9,1.88,2.02,1.81,1.95,1.99,1.78,6.0,16.0,20.0,1.0,1
2025-09-27,Sheffield Weds,1,1,14,5,5,12,2,0,QPR,1,0,14,4,4,19,2,0,J Brooks,D,H,2.82,3.35,2.44,2.0,1.8,1.97,1.77,1.99,1.76,4.0,10.0,23.0,9.0,1
2025-09-27,Oxford,0,0,14,3,3,10,1,0,Sheffield United,1,0,6,2,5,13,1,0,B Speedie,A,D,3.03,3.34,2.32,2.1,1.76,2.03,1.74,1.8,1.91,5.0,0.0,21.0,24.0,0
2025-09-27,Charlton,3,1,16,7,3,15,4,0,Blackburn,0,0,9,2,3,11,2,0,A Backhouse,H,H,2.35,3.19,3.11,2.4,1.62,2.28,1.58,1.98,1.79,8.0,6.0,14.0,20.0,2
2025-09-27,Wrexham,1,0,10,5,4,9,1,0,Derby,1,0,5,3,3,16,5,0,T Nield,D,D,2.12,3.22,3.59,2.38,1.6,2.32,1.57,1.8,1.99,7.0,5.0,17.0,22.0,1
2025-09-27,Swansea,1,1,13,2,6,7,1,0,Millwall,1,1,11,3,4,20,2,0,D Whitestone,D,D,2.17,3.16,3.52,2.4,1.6,2.35,1.56,1.82,1.96,8.0,10.0,12.0,11.0,1
2025-09-27,Coventry,3,1,14,5,3,11,1,0,Birmingham,0,0,5,0,4,12,2,1,T Kirk,H,H,2.09,3.45,3.4,1.98,1.92,1.9,1.86,1.8,1.98,10.0,10.0,10.0,11.0,2
2025-09-27,Ipswich,2,2,14,5,5,15,1,0,Portsmouth,1,0,8,4,4,11,2,0,A Kitchen,H,H,1.52,4.23,5.9,1.8,2.12,1.74,2.03,1.84,1.94,6.0,8.0,19.0,16.0,2
2025-09-30,Derby,1,0,18,3,5,11,2,0,Charlton,1,1,11,3,2,10,0,0,G Ward,D,A,2.61,3.05,2.82,2.63,1.5,2.54,1.48,1.83,1.93,6.0,11.0,21.0,7.0,1
2025-09-30,Middlesbrough,0,0,12,4,5,8,2,0,Stoke,0,0,18,5,8,5,0,0,D Webb,D,D,1.86,3.5,4.17,2.1,1.82,2.01,1.77,1.83,1.93,17.0,13.0,1.0,3.0,1
2025-09-30,Leicester,1,1,16,1,7,9,3,0,Wrexham,1,0,9,1,1,7,1,0,E Bell,D,H,1.66,3.86,4.92,1.91,1.96,1.85,1.91,1.81,1.96,12.0,8.0,5.0,15.0,1
2025-09-30,Sheffield United,1,1,8,3,4,14,3,0,Southampton,2,0,12,5,5,19,4,0,A Herczeg,A,H,2.39,3.37,2.89,2.0,1.94,1.9,1.85,2.03,1.76,3.0,7.0,24.0,19.0,0
2025-09-30,Bristol City,1,1,13,3,3,14,4,0,Ipswich,1,0,15,3,6,11,2,0,J Busby,D,H,2.77,3.41,2.44,1.93,1.94,1.87,1.89,1.99,1.78,12.0,9.0,5.0,13.0,1
2025-09-30,Blackburn,1,1,14,3,7,15,3,0,Swansea,2,1,7,4,3,13,2,0,L Doughty,A,D,2.6,3.19,2.75,2.25,1.67,2.2,1.63,1.84,1.92,6.0,9.0,21.0,14.0,0
2025-09-30,Birmingham,2,1,20,5,10,15,3,0,Sheffield Weds,2,1,5,3,4,11,2,0,M Donohue,D,D,1.46,4.25,7.07,2.05,1.93,1.91,1.85,1.77,2.02,10.0,5.0,14.0,23.0,1
2025-09-30,Hull,2,0,10,5,5,11,0,0,Preston,2,2,13,5,3,9,1,0,J Smith,D,A,2.16,3.35,3.35,2.15,1.8,2.06,1.73,1.85,1.93,8.0,12.0,19.0,8.0,1
2025-10-01,Millwall,0,0,13,3,3,9,2,0,Coventry,4,1,13,5,3,9,2,0,L Smith,A,A,2.89,3.39,2.39,1.93,1.93,1.88,1.86,1.75,1.97,11.0,13.0,11.0,3.0,0
2025-10-01,Norwich,0,0,16,5,4,8,1,0,West Brom,1,1,5,1,3,9,4,0,S Allison,A,A,2.78,3.38,2.46,2.0,1.91,1.92,1.83,1.96,1.79,8.0,11.0,17.0,9.0,0
2025-10-01,Portsmouth,2,1,15,5,3,9,2,0,Watford,2,0,12,6,3,15,5,0,B Toner,D,H,2.19,3.31,3.3,2.14,1.75,2.06,1.72,1.88,1.89,8.0,8.0,19.0,18.0,1
2025-10-01,QPR,0,0,13,1,9,12,3,0,Oxford,0,0,9,0,1,11,1,0,R Ricardo,D,D,2.08,3.42,3.46,2.06,1.8,2.0,1.76,1.77,2.0,11.0,5.0,10.0,23.0,1
2025-10-03,Wrexham,1,1,12,4,5,4,0,0,Birmingham,1,0,8,3,5,8,2,0,R Madley,D,H,2.96,3.18,2.44,2.4,1.71,2.2,1.64,1.74,2.0,9.0,11.0,15.0,11.0,1
2025-10-04,Portsmouth,1,1,8,1,2,13,2,0,Middlesbrough,0,0,12,1,8,6,1,0,A Backhouse,H,H,2.99,3.39,2.32,2.03,1.86,1.95,1.8,1.81,1.87,9.0,18.0,17.0,1.0,2
2025-10-04,Watford,2,2,27,10,9,6,3,0,Oxford,1,1,15,5,3,9,4,0,L Smith,H,H,2.02,3.37,3.73,2.12,1.8,2.05,1.72,1.95,1.79,9.0,6.0,17.0,21.0,2
2025-10-04,Swansea,1,0,13,7,2,10,2,0,Leicester,3,1,17,7,5,11,1,0,D Webb,A,A,2.52,3.28,2.77,2.2,1.73,2.11,1.68,1.81,1.94,12.0,13.0,8.0,6.0,0
2025-10-04,Preston,2,0,15,3,3,6,0,0,Charlton,0,0,8,0,4,9,2,0,J Linington,H,D,2.5,3.2,2.87,2.3,1.62,2.24,1.61,1.78,1.98,13.0,12.0,7.0,8.0,2
2025-10-04,Millwall,3,1,11,4,4,17,1,0,West Brom,0,0,10,1,5,8,2,0,T Robinson,H,H,2.79,3.11,2.62,2.38,1.6,2.3,1.57,1.95,1.82,11.0,14.0,14.0,6.0,2
2025-10-04,Bristol City,1,1,11,1,4,9,5,0,QPR,2,0,8,2,1,8,1,0,E Duckworth,A,H,1.8,3.7,4.24,1.85,2.0,1.78,1.97,1.99,1.75,13.0,12.0,8.0,13.0,0
2025-10-04,Derby,1,1,9,5,3,11,4,0,Southampton,1,1,13,6,5,9,2,0,O Langford,D,D,3.45,3.25,2.15,2.2,1.73,2.14,1.67,1.92,1.77,7.0,10.0,20.0,17.0,1
2025-10-04,Sheffield Weds,0,0,9,0,13,9,1,0,Coventry,5,3,21,10,8,3,1,0,A Herczeg,A,A,5.95,4.45,1.48,1.65,2.3,1.62,2.23,1.99,1.79,6.0,16.0,23.0,2.0,0
2025-10-04,Hull,1,1,5,2,4,13,2,0,Sheffield United,0,0,13,4,9,13,2,0,G Ward,H,H,2.62,3.35,2.61,1.91,1.98,1.85,1.9,1.88,1.88,9.0,3.0,18.0,24.0,2
2025-10-04,Blackburn,1,0,17,5,7,5,1,0,Stoke,1,0,11,6,6,9,1,0,R Ricardo,D,D,2.62,3.18,2.74,2.23,1.67,2.19,1.64,1.82,1.95,6.0,14.0,22.0,6.0,1
2025-10-05,Ipswich,3,2,19,9,8,9,1,0,Norwich,1,1,12,4,8,15,3,0,T Kirk,H,H,1.57,4.17,5.38,1.73,2.2,1.68,2.11,1.94,1.83,10.0,8.0,17.0,19.0,2
2025-10-17,Middlesbrough,2,1,15,5,5,12,3,0,Ipswich,1,0,17,5,9,14,1,0,M Donohue,H,H,2.79,3.22,2.55,2.14,1.73,2.1,1.7,1.96,1.81,18.0,13.0,2.0,9.0,2
2025-10-18,Leicester,1,1,19,6,14,15,1,0,Portsmouth,1,0,8,3,4,9,2,0,F Hallam,D,H,1.68,3.74,5.0,1.98,1.91,1.91,1.84,1.84,1.9,16.0,12.0,3.0,14.0,1
2025-10-18,West Brom,2,1,16,6,8,10,2,0,Preston,1,0,17,5,4,9,1,0,A Kitchen,H,H,1.78,3.5,4.63,2.25,1.7,2.2,1.62,1.74,2.0,14.0,16.0,7.0,4.0,2
2025-10-18,Stoke,1,1,12,3,6,8,2,0,Wrexham,0,0,5,3,4,5,0,0,T Bramall,H,H,1.95,3.46,3.87,2.0,1.86,1.95,1.8,1.9,1.85,15.0,10.0,6.0,18.0,2
2025-10-18,Sheffield United,1,0,18,6,7,5,0,0,Watford,0,0,13,1,3,8,1,0,R Madley,H,D,2.01,3.36,3.77,2.1,1.8,2.02,1.74,1.96,1.8,3.0,12.0,24.0,12.0,2
2025-10-18,Norwich,0,0,11,4,3,11,2,0,Bristol City,1,0,21,6,9,14,3,0,T Nield,A,D,2.54,3.45,2.65,1.91,2.03,1.81,1.94,1.83,1.94,8.0,13.0,19.0,10.0,0
2025-10-18,Birmingham,2,1,29,8,9,7,2,1,Hull,3,2,14,7,7,14,7,0,R Ricardo,A,A,1.76,3.63,4.63,2.03,1.91,1.93,1.82,1.93,1.8,12.0,12.0,16.0,15.0,0
2025-10-18,Charlton,2,2,12,5,2,9,1,0,Sheffield Weds,1,0,12,4,4,11,2,1,T Reeves,H,H,1.66,3.64,5.42,2.15,1.73,2.11,1.68,1.82,1.92,12.0,6.0,14.0,23.0,2
2025-10-18,Southampton,0,0,21,8,5,11,0,0,Swansea,0,0,6,1,3,14,4,0,J Smith,D,D,1.94,3.42,3.92,2.03,1.83,1.98,1.77,1.9,1.84,11.0,12.0,17.0,14.0,1
2025-10-18,QPR,1,0,20,3,8,8,2,0,Millwall,2,2,5,5,3,13,4,0,A Herczeg,A,A,2.65,3.04,2.81,2.38,1.62,2.3,1.57,1.81,1.94,15.0,14.0,10.0,11.0,0
2025-10-18,Oxford,1,1,19,7,4,9,4,0,Derby,0,0,6,1,12,12,1,0,J Bell,H,H,2.51,3.07,2.96,2.5,1.56,2.45,1.51,2.08,1.67,6.0,8.0,22.0,19.0,2
2025-10-18,Coventry,2,0,14,5,2,7,0,0,Blackburn,0,0,17,3,7,15,2,0,S Allison,H,D,1.54,4.17,5.82,1.67,2.2,1.66,2.15,1.87,1.87,19.0,7.0,2.0,22.0,2
2025-10-21,Portsmouth,1,0,15,5,6,5,1,0,Coventry,2,1,19,7,5,12,1,0,G Ward,A,A,3.95,3.77,1.84,1.8,2.1,1.74,2.03,1.94,1.8,13.0,22.0,14.0,1.0,0
2025-10-21,Bristol City,3,1,13,4,2,10,1,0,Southampton,1,1,14,7,3,11,2,0,A Backhouse,H,D,2.46,3.41,2.77,1.93,1.95,1.86,1.89,1.76,2.0,16.0,12.0,7.0,15.0,2
2025-10-21,Millwall,2,2,15,7,3,13,2,0,Stoke,0,0,10,3,2,7,1,0,J Linington,H,H,2.34,3.19,3.13,2.3,1.63,2.25,1.61,1.94,1.8,17.0,18.0,7.0,4.0,2
2025-10-21,Preston,0,0,17,6,9,8,2,0,Birmingham,1,1,9,2,3,14,5,0,L Smith,A,A,2.92,3.14,2.49,2.38,1.67,2.25,1.61,2.02,1.76,16.0,12.0,8.0,17.0,0
2025-10-21,Hull,2,2,9,6,1,8,1,0,Leicester,1,0,18,4,7,12,2,0,M Donohue,H,H,3.25,3.52,2.13,1.85,2.05,1.82,1.94,1.94,1.76,15.0,17.0,10.0,6.0,2
2025-10-21,Derby,1,0,8,3,5,13,2,0,Norwich,0,0,17,3,13,7,1,0,B Toner,H,D,2.49,3.16,2.92,2.23,1.67,2.18,1.65,1.75,2.03,8.0,8.0,21.0,20.0,2
2025-10-21,Blackburn,1,1,12,3,5,6,1,0,Sheffield United,3,0,11,5,5,10,1,0,D Webb,A,H,2.42,3.23,2.95,2.2,1.71,2.15,1.66,2.06,1.71,7.0,6.0,22.0,23.0,0
2025-10-21,Ipswich,0,0,31,5,16,7,0,0,Charlton,3,0,15,8,3,11,3,0,F Hallam,A,D,1.62,3.79,5.6,2.1,1.79,2.04,1.74,1.76,1.99,13.0,15.0,13.0,10.0,0
2025-10-22,Swansea,0,0,11,2,6,8,1,1,QPR,1,1,15,4,3,9,4,0,J Busby,A,A,2.12,3.34,3.41,2.1,1.73,2.09,1.7,1.79,1.94,13.0,15.0,14.0,11.0,0
2025-10-22,Watford,2,1,19,5,4,12,0,0,West Brom,1,1,9,4,5,8,2,0,L Doughty,H,D,2.7,3.22,2.63,2.2,1.68,2.15,1.66,1.92,1.85,12.0,17.0,16.0,10.0,2
2025-10-22,Wrexham,1,1,11,6,6,12,3,1,Oxford,0,0,6,2,3,12,1,0,E Bell,H,H,1.99,3.44,3.73,2.0,1.85,1.95,1.79,1.95,1.81,10.0,9.0,19.0,20.0,2
2025-10-22,Sheffield Weds,0,0,11,3,6,8,3,0,Middlesbrough,1,1,19,7,5,4,1,0,T Kirk,A,A,4.73,3.75,1.71,1.96,1.93,1.91,1.85,1.88,1.86,6.0,21.0,24.0,2.0,0
2025-10-24,Preston,3,1,15,3,2,14,4,0,Sheffield United,2,2,12,3,4,11,1,0,F Hallam,H,A,2.62,3.09,2.82,2.32,1.66,2.25,1.61,1.8,1.96,16.0,9.0,11.0,21.0,2
2025-10-25,Swansea,2,1,9,3,2,13,3,0,Norwich,1,1,7,3,3,12,1,0,A Herczeg,H,D,2.2,3.39,3.21,2.04,1.93,1.93,1.83,1.85,1.89,13.0,8.0,16.0,22.0,2
2025-10-25,Sheffield Weds,1,0,17,5,8,11,0,0,Oxford,2,2,11,4,3,11,0,0,P Tierney,A,A,2.71,3.29,2.58,2.1,1.8,2.01,1.75,1.93,1.83,6.0,9.0,24.0,20.0,0
2025-10-25,Millwall,1,1,9,4,5,12,1,0,Leicester,0,0,12,3,9,8,2,0,J Bell,H,H,2.66,3.26,2.64,2.2,1.73,2.12,1.67,1.88,1.89,20.0,17.0,3.0,10.0,2
2025-10-25,Middlesbrough,1,0,14,4,4,8,0,0,Wrexham,1,1,6,2,4,17,5,0,S Martin,D,A,1.77,3.65,4.51,2.0,1.89,1.94,1.81,1.97,1.78,24.0,13.0,2.0,16.0,1
2025-10-25,Hull,1,0,15,4,6,8,2,0,Charlton,1,0,11,5,2,9,1,0,A Kitchen,D,D,2.46,3.31,2.84,2.1,1.8,2.01,1.75,1.77,1.99,18.0,18.0,8.0,6.0,1
2025-10-25,Blackburn,2,0,18,6,6,13,3,0,Southampton,1,1,12,5,5,7,1,1,R Madley,H,A,2.95,3.29,2.38,2.05,1.81,1.98,1.77,1.74,1.95,7.0,12.0,23.0,19.0,2
2025-10-25,Bristol City,1,1,5,1,0,9,2,0,Birmingham,0,0,13,1,6,6,1,0,J Linington,H,H,2.26,3.29,3.19,2.15,1.73,2.09,1.69,1.92,1.82,19.0,15.0,4.0,14.0,2
2025-10-25,Portsmouth,0,0,14,3,6,8,2,0,Stoke,1,0,11,2,2,15,3,0,T Kirk,A,D,2.74,3.25,2.56,2.1,1.8,2.04,1.73,1.94,1.82,13.0,18.0,17.0,8.0,0
2025-10-25,Ipswich,1,0,15,4,4,12,1,0,West Brom,0,0,10,1,5,8,1,0,J Smith,H,D,1.77,3.61,4.57,2.02,1.85,1.97,1.8,1.73,2.03,13.0,17.0,16.0,11.0,2
2025-10-25,Coventry,3,3,12,3,5,10,3,0,Watford,1,0,13,8,7,8,2,1,D Whitestone,H,H,1.49,4.43,6.08,1.68,2.25,1.64,2.18,1.77,1.98,25.0,15.0,1.0,14.0,2
2025-10-25,Derby,1,1,12,4,5,13,2,0,QPR,0,0,6,1,2,10,2,0,E Bell,H,H,2.52,3.28,2.77,2.1,1.74,2.08,1.71,1.85,1.91,11.0,18.0,20.0,9.0,2
2025-10-31,Wrexham,3,0,13,7,3,9,2,0,Coventry,2,1,18,5,6,10,1,0,A Backhouse,H,A,3.77,3.51,1.95,2.05,1.83,1.97,1.79,1.85,1.91,14.0,28.0,16.0,1.0,2
2025-11-01,Sheffield United,1,0,15,5,9,10,2,0,Derby,3,1,12,4,4,11,1,0,M Salisbury,A,A,1.83,3.47,4.44,2.25,1.68,2.16,1.65,1.8,1.97,9.0,14.0,22.0,17.0,0
2025-11-01,Watford,3,2,9,4,1,15,2,0,Middlesbrough,0,0,14,4,7,11,1,0,J Busby,H,H,2.77,3.35,2.49,2.05,1.85,1.97,1.78,1.94,1.81,15.0,25.0,16.0,2.0,2
2025-11-01,Stoke,5,3,13,8,4,13,3,0,Bristol City,1,0,16,5,10,10,0,0,J Bell,H,H,2.4,3.26,2.94,2.1,1.74,2.08,1.71,2.04,1.73,21.0,22.0,5.0,4.0,2
2025-11-01,Southampton,0,0,10,2,8,11,1,0,Preston,2,1,12,3,2,18,3,0,M Donohue,A,A,1.7,3.83,4.77,1.91,2.0,1.84,1.9,1.85,1.91,12.0,19.0,20.0,7.0,0
2025-11-01,QPR,1,1,12,5,3,16,4,0,Ipswich,4,1,12,7,2,10,0,0,S Allison,A,D,3.59,3.57,2.0,1.91,1.95,1.85,1.9,1.81,1.96,18.0,16.0,10.0,15.0,0
2025-11-01,Oxford,2,1,14,6,5,5,0,0,Millwall,2,1,11,4,8,14,0,0,F Hallam,D,D,2.78,3.18,2.58,2.25,1.67,2.22,1.62,1.94,1.81,12.0,23.0,19.0,4.0,1
2025-11-01,Charlton,1,0,11,4,4,10,0,0,Swansea,1,0,11,2,7,8,0,0,D Webb,D,D,2.09,3.27,3.61,2.3,1.66,2.22,1.61,1.77,2.0,19.0,16.0,8.0,16.0,1
2025-11-01,Birmingham,4,1,19,7,9,12,1,0,Portsmouth,0,0,5,0,5,10,2,0,A Kitchen,H,H,1.79,3.53,4.57,2.15,1.73,2.08,1.7,1.99,1.77,15.0,13.0,17.0,19.0,2
2025-11-01,West Brom,0,0,13,6,8,17,1,0,Sheffield Weds,0,0,5,2,3,14,1,0,B Toner,D,D,1.5,4.26,6.28,1.91,1.95,1.86,1.88,1.83,1.95,17.0,6.0,17.0,24.0,1
2025-11-01,Norwich,0,0,15,3,6,8,1,0,Hull,2,0,9,4,4,12,2,0,J Smith,A,D,2.08,3.66,3.26,1.73,2.15,1.7,2.09,1.79,1.99,8.0,19.0,23.0,9.0,0
2025-11-01,Leicester,0,0,12,1,7,9,0,0,Blackburn,2,1,9,5,4,12,1,0,T Nield,A,A,1.78,3.63,4.47,2.0,1.85,1.96,1.79,1.99,1.77,17.0,10.0,14.0,21.0,0
2025-11-04,Coventry,3,0,17,8,6,5,3,0,Sheffield United,1,1,11,4,13,14,2,0,J Linington,H,A,1.59,4.2,5.15,1.66,2.3,1.63,2.21,1.97,1.82,28.0,9.0,1.0,22.0,2
2025-11-04,Leicester,1,1,6,2,3,18,6,0,Middlesbrough,1,0,17,4,6,11,1,1,A Herczeg,D,H,2.18,3.39,3.24,2.05,1.88,1.97,1.8,1.85,1.92,17.0,25.0,14.0,2.0,1
2025-11-04,Ipswich,1,1,16,4,2,2,1,0,Watford,1,1,4,2,5,14,2,0,D Webb,D,D,1.69,3.74,4.94,1.91,1.95,1.85,1.9,1.86,1.91,19.0,18.0,9.0,10.0,1
2025-11-04,Oxford,0,0,16,1,10,6,1,0,Stoke,3,2,14,6,7,13,3,0,L Doughty,A,A,3.05,3.23,2.35,2.14,1.73,2.09,1.7,1.79,1.94,13.0,24.0,18.0,3.0,0
2025-11-04,Charlton,1,0,11,3,4,13,0,0,West Brom,0,0,13,1,3,12,0,0,L Smith,H,D,2.54,3.08,2.9,2.63,1.58,2.42,1.53,1.76,2.02,20.0,18.0,9.0,13.0,2
2025-11-04,Bristol City,0,0,12,0,6,8,0,0,Blackburn,1,1,16,5,3,10,3,0,D Whitestone,A,A,2.1,3.35,3.51,2.1,1.83,2.01,1.76,1.78,2.0,22.0,13.0,6.0,19.0,0
2025-11-04,Birmingham,4,2,12,6,2,3,0,0,Millwall,0,0,4,2,3,12,0,0,G Ward,H,H,1.9,3.4,4.15,2.2,1.68,2.16,1.66,1.86,1.91,18.0,24.0,12.0,4.0,2
2025-11-04,Derby,2,1,9,3,6,13,1,0,Hull,1,0,8,2,5,7,0,0,S Martin,H,H,2.21,3.31,3.26,2.14,1.76,2.05,1.73,1.88,1.88,17.0,22.0,17.0,8.0,2
2025-11-05,Preston,2,1,4,3,2,12,3,0,Swansea,1,0,18,5,8,5,1,0,A Backhouse,H,H,2.24,3.2,3.3,2.32,1.67,2.22,1.62,1.9,1.88,22.0,17.0,6.0,17.0,2
2025-11-05,QPR,1,0,20,5,12,12,1,0,Southampton,2,0,9,2,1,14,3,0,J Bell,A,D,2.75,3.35,2.51,1.95,1.91,1.89,1.86,1.96,1.8,18.0,12.0,15.0,21.0,0
2025-11-05,Sheffield Weds,1,1,15,6,9,9,0,0,Norwich,1,0,13,3,4,8,4,0,E Duckworth,D,H,3.26,3.48,2.14,1.91,1.95,1.85,1.9,1.93,1.8,7.0,8.0,24.0,23.0,1
2025-11-05,Portsmouth,0,0,19,7,10,9,3,0,Wrexham,0,0,8,3,3,8,3,0,R Madley,D,D,2.47,3.22,2.89,2.12,1.73,2.09,1.7,1.73,2.03,13.0,17.0,21.0,16.0,1
2025-11-07,Watford,1,1,16,10,6,10,2,0,Bristol City,1,1,10,4,4,9,1,0,P Tierney,D,D,2.09,3.35,3.53,2.2,1.73,2.1,1.69,1.79,1.99,19.0,22.0,12.0,7.0,1
2025-11-08,Stoke,0,0,10,2,3,9,3,0,Coventry,1,0,17,3,6,9,3,0,J Busby,A,D,2.88,3.5,2.33,1.86,2.0,1.79,1.95,1.79,1.92,27.0,31.0,2.0,1.0,0
2025-11-08,Wrexham,1,0,18,6,8,9,1,0,Charlton,0,0,11,4,2,10,4,0,L Doughty,H,D,2.24,3.25,3.24,2.2,1.67,2.16,1.65,1.92,1.84,18.0,23.0,14.0,6.0,2
2025-11-08,West Brom,2,0,26,6,11,6,0,0,Oxford,1,0,9,4,5,6,0,0,J Miles,H,D,1.75,3.58,4.78,2.1,1.73,2.08,1.7,1.93,1.85,18.0,13.0,15.0,21.0,2
2025-11-08,Swansea,1,0,9,4,4,13,5,0,Ipswich,4,1,11,4,5,14,3,0,E Duckworth,A,A,3.57,3.41,2.05,2.1,1.8,2.02,1.74,1.75,2.01,17.0,20.0,17.0,12.0,0
2025-11-08,Southampton,3,2,12,7,4,8,2,0,Sheffield Weds,1,1,11,3,5,16,2,0,R Ricardo,H,H,1.41,4.67,7.14,1.7,2.2,1.67,2.13,1.89,1.88,15.0,8.0,19.0,24.0,2
2025-11-08,Sheffield United,0,0,20,3,14,6,0,0,QPR,0,0,13,4,5,7,2,0,L Smith,D,D,2.03,3.46,3.58,1.96,1.91,1.92,1.84,1.98,1.78,9.0,18.0,23.0,17.0,1
2025-11-08,Norwich,1,0,8,3,6,17,1,0,Leicester,2,0,14,7,3,10,1,0,D Whitestone,A,D,2.93,3.43,2.33,1.93,2.03,1.82,1.93,1.8,1.92,9.0,18.0,23.0,16.0,0
2025-11-08,Middlesbrough,2,2,8,4,3,9,1,0,Birmingham,1,1,13,5,5,13,1,0,S Allison,H,H,2.61,3.16,2.77,2.3,1.62,2.25,1.6,1.85,1.91,26.0,21.0,3.0,10.0,2
2025-11-08,Millwall,1,1,14,4,10,11,2,0,Preston,1,1,8,6,6,10,2,0,S Martin,D,D,2.18,3.2,3.46,2.36,1.62,2.27,1.59,1.82,1.96,24.0,25.0,5.0,4.0,1
2025-11-08,Hull,3,2,13,4,5,6,1,0,Portsmouth,2,2,13,5,5,14,3,0,T Nield,H,D,2.1,3.49,3.34,1.91,1.98,1.84,1.91,1.81,1.96,22.0,14.0,9.0,20.0,2
2025-11-08,Blackburn,1,0,8,3,13,6,1,0,Derby,2,2,6,4,3,11,3,0,T Kirk,A,A,1.97,3.29,3.99,2.38,1.64,2.27,1.59,1.94,1.83,16.0,20.0,19.0,15.0,0
2025-11-21,Preston,1,1,15,4,3,11,1,0,Blackburn,2,1,12,6,7,3,0,0,P Tierney,A,D,2.44,3.11,3.03,2.3,1.67,2.24,1.62,2.04,1.75,26.0,16.0,4.0,19.0,0
2025-11-22,QPR,3,1,26,8,9,8,0,0,Hull,2,1,8,4,5,9,1,0,J Linington,H,D,2.1,3.36,3.49,1.98,1.91,1.92,1.82,1.77,2.01,19.0,25.0,17.0,5.0,2
2025-11-22,Portsmouth,3,1,15,7,3,10,2,0,Millwall,1,0,7,2,4,12,1,1,M Salisbury,H,H,2.68,3.1,2.73,2.3,1.62,2.25,1.6,1.85,1.92,14.0,25.0,20.0,6.0,2
2025-11-22,Oxford,1,1,9,2,1,16,3,0,Middlesbrough,1,0,19,3,8,12,2,0,B Toner,D,H,3.63,3.37,2.03,2.1,1.8,2.01,1.75,1.76,1.99,13.0,29.0,21.0,2.0,1
2025-11-22,Leicester,2,2,6,2,0,16,6,0,Stoke,1,0,11,5,10,11,2,0,M Donohue,H,H,2.01,3.44,3.67,1.91,2.0,1.85,1.9,1.97,1.79,21.0,27.0,13.0,3.0,2
2025-11-22,Ipswich,0,0,19,8,5,9,2,0,Wrexham,0,0,2,0,2,17,3,0,D Whitestone,D,D,1.55,4.06,5.88,1.88,2.0,1.82,1.93,1.9,1.88,23.0,21.0,8.0,14.0,1
2025-11-22,Birmingham,4,3,16,6,3,10,1,0,Norwich,1,1,15,7,8,8,2,0,A Backhouse,H,H,1.69,3.76,4.88,1.91,1.95,1.87,1.88,1.87,1.9,21.0,9.0,14.0,23.0,2
2025-11-22,Coventry,3,1,24,11,8,10,2,0,West Brom,2,2,7,5,1,9,1,1,A Kitchen,H,A,1.76,3.67,4.55,1.93,1.95,1.86,1.89,1.95,1.83,34.0,21.0,1.0,15.0,2
2025-11-22,Charlton,1,1,12,2,3,15,4,0,Southampton,5,5,23,8,4,6,0,0,S Martin,A,A,2.7,3.18,2.65,2.23,1.73,2.12,1.68,1.88,1.88,23.0,18.0,11.0,18.0,0
2025-11-22,Bristol City,3,2,15,8,5,10,2,0,Swansea,0,0,17,5,6,7,0,0,J Smith,H,H,2.17,3.26,3.38,2.17,1.73,2.11,1.68,1.85,1.92,23.0,17.0,10.0,19.0,2
2025-11-22,Derby,2,1,9,2,9,8,2,0,Watford,3,0,14,4,3,15,1,0,G Ward,A,H,2.53,3.14,2.88,2.3,1.62,2.25,1.59,1.75,2.0,23.0,20.0,11.0,17.0,0
2025-11-23,Sheffield Weds,0,0,5,0,4,13,3,0,Sheffield United,3,1,11,7,7,8,0,0,D Webb,A,A,3.75,3.4,1.98,2.03,1.83,1.96,1.78,1.82,1.95,8.0,10.0,24.0,22.0,0
2025-11-25,Watford,1,1,24,5,6,11,2,0,Preston,1,1,9,3,2,10,4,0,J Bell,D,D,1.89,3.39,4.19,2.18,1.75,2.1,1.69,1.86,1.89,23.0,26.0,11.0,5.0,1
2025-11-25,Hull,0,0,11,2,3,12,2,0,Ipswich,2,0,16,6,6,10,2,0,L Smith,A,D,4.27,3.67,1.79,1.85,2.05,1.8,1.96,1.79,1.97,25.0,24.0,6.0,8.0,0
2025-11-25,Middlesbrough,2,1,11,2,8,12,0,0,Coventry,4,2,20,8,3,16,0,0,M Donohue,A,A,2.71,3.35,2.53,1.93,1.93,1.87,1.88,1.92,1.84,30.0,37.0,2.0,1.0,0
2025-11-25,Norwich,1,1,15,6,8,8,1,0,Oxford,1,0,12,4,4,10,0,0,T Reeves,D,H,1.9,3.59,3.88,1.9,2.03,1.83,1.93,1.86,1.9,9.0,14.0,23.0,21.0,1
2025-11-25,Stoke,3,3,15,4,5,13,1,0,Charlton,0,0,4,2,0,13,1,0,T Nield,H,H,1.76,3.61,4.58,2.1,1.8,2.03,1.73,1.99,1.78,27.0,23.0,4.0,13.0,2
2025-11-25,Swansea,1,0,9,4,4,10,0,0,Derby,2,1,13,5,2,20,2,0,A Kitchen,A,A,2.16,3.12,3.56,2.5,1.56,2.38,1.54,1.81,1.95,17.0,23.0,20.0,12.0,0
2025-11-25,Southampton,3,3,18,8,11,8,1,0,Leicester,0,0,7,2,3,13,0,1,G Ward,H,H,2.0,3.52,3.57,1.83,2.0,1.8,1.95,1.99,1.78,21.0,24.0,16.0,11.0,2
2025-11-26,Wrexham,2,1,12,4,2,10,1,0,Bristol City,0,0,13,3,4,8,2,0,R Ricardo,H,H,2.51,3.24,2.81,2.14,1.8,2.03,1.74,1.78,1.97,22.0,26.0,15.0,6.0,2
2025-11-26,Sheffield United,3,1,15,5,7,7,0,0,Portsmouth,0,0,4,2,2,10,1,1,L Doughty,H,H,1.77,3.59,4.55,2.0,1.86,1.96,1.8,1.95,1.8,13.0,17.0,22.0,19.0,2
2025-11-26,West Brom,1,1,13,4,3,7,1,0,Birmingham,1,0,14,4,3,12,2,0,T Kirk,D,H,2.7,3.07,2.7,2.4,1.62,2.29,1.57,1.88,1.88,21.0,24.0,17.0,11.0,1
2025-11-26,Blackburn,0,0,9,1,6,14,3,0,QPR,1,0,10,3,4,6,0,0,A Herczeg,A,D,2.19,3.34,3.25,2.05,1.8,2.0,1.75,1.87,1.89,19.0,22.0,18.0,17.0,0
2025-11-26,Millwall,1,0,24,8,9,7,0,0,Sheffield Weds,0,0,11,3,5,11,3,0,J Miles,H,D,1.67,3.68,5.17,2.05,1.8,1.96,1.78,1.82,1.94,25.0,8.0,12.0,24.0,2
2025-11-28,Oxford,2,1,13,8,3,13,0,0,Ipswich,1,0,17,7,6,5,0,0,M Donohue,H,H,5.44,3.82,1.62,2.0,1.94,1.89,1.87,1.99,4.3,15.0,27.0,22.0,5.0,2
2025-11-29,Wrexham,1,0,16,2,7,6,1,0,Blackburn,1,1,12,3,7,11,3,0,T Reeves,D,A,2.27,3.26,3.18,2.2,1.73,2.1,1.69,1.93,4.36,25.0,19.0,10.0,18.0,1
2025-11-29,West Brom,3,0,26,10,7,11,1,0,Swansea,2,2,3,2,1,13,2,0,T Nield,H,A,1.8,3.4,4.6,2.25,1.67,2.18,1.64,1.76,1.98,22.0,17.0,17.0,20.0,2
2025-11-29,Sheffield Weds,2,2,12,5,3,10,1,0,Preston,3,1,7,5,3,12,1,0,O Langford,A,H,3.34,3.23,2.21,2.25,1.75,2.12,1.69,1.89,4.06,8.0,27.0,24.0,6.0,0
2025-11-29,Millwall,3,0,21,7,9,11,1,0,Southampton,2,0,11,8,6,6,2,0,B Toner,H,D,3.18,3.39,2.22,2.0,1.91,1.94,1.82,1.87,4.08,28.0,24.0,5.0,14.0,2
2025-11-29,Norwich,3,3,17,6,9,4,2,0,QPR,1,1,12,5,6,14,2,0,L Smith,H,H,2.46,3.39,2.79,2.0,1.91,1.89,1.85,1.79,5.31,10.0,25.0,23.0,13.0,2
2025-11-29,Coventry,3,2,26,8,6,3,1,0,Charlton,1,1,9,4,3,12,1,0,D Webb,H,H,1.42,4.49,7.24,1.8,2.1,1.75,2.02,1.97,4.31,40.0,23.0,1.0,17.0,2
2025-11-29,Stoke,1,1,12,7,7,12,2,0,Hull,2,0,11,6,8,15,4,0,L Doughty,A,H,1.68,3.88,4.82,1.81,2.0,1.77,1.98,1.83,4.43,30.0,25.0,3.0,11.0,0
2025-11-29,Portsmouth,0,0,13,2,4,11,3,0,Bristol City,1,1,15,5,4,12,0,0,S Allison,A,A,2.83,3.33,2.46,2.08,1.8,1.98,1.77,1.7,4.24,17.0,26.0,21.0,8.0,0
2025-11-29,Leicester,2,0,15,3,4,12,2,0,Sheffield United,3,3,13,3,9,9,1,0,A Backhouse,A,A,2.29,3.32,3.1,2.1,1.83,1.97,1.78,1.93,4.34,24.0,16.0,16.0,22.0,0
2025-11-29,Middlesbrough,2,0,21,4,9,9,0,0,Derby,1,1,6,1,8,13,2,0,J Linington,H,A,1.74,3.55,4.93,2.2,1.73,2.13,1.67,1.92,4.35,30.0,26.0,5.0,10.0,2
2025-12-01,Birmingham,2,2,13,5,6,11,3,0,Watford,1,0,12,4,6,10,2,0,A Herczeg,H,H,1.82,3.47,4.33,2.1,1.75,2.05,1.72,1.8,1.95,25.0,24.0,11.0,15.0,2
2025-12-02,Blackburn,1,0,14,3,9,12,1,0,Ipswich,1,0,11,2,3,11,3,0,O Langford,D,D,3.72,3.45,1.99,2.02,1.87,1.94,1.81,1.82,1.94,20.0,27.0,18.0,9.0,1
2025-12-05,Hull,1,0,5,2,2,17,1,0,Middlesbrough,4,4,10,5,5,11,0,0,D Whitestone,A,A,3.03,3.49,2.24,1.8,2.12,1.74,2.03,1.85,1.85,28.0,33.0,9.0,2.0,0
2025-12-06,QPR,3,1,9,4,4,11,1,0,West Brom,1,0,13,5,3,5,1,0,G Ward,H,H,2.43,3.13,3.03,2.25,1.67,2.17,1.64,2.03,1.73,25.0,25.0,13.0,12.0,2
2025-12-06,Southampton,3,2,18,8,7,9,1,0,Birmingham,1,0,22,4,8,11,1,0,D Webb,H,H,2.3,3.42,2.98,1.93,1.93,1.87,1.88,1.96,1.79,24.0,28.0,14.0,8.0,2
2025-12-06,Sheffield United,4,3,19,8,9,8,1,0,Stoke,0,0,7,1,7,13,2,0,S Martin,H,H,2.07,3.34,3.6,2.14,1.75,2.05,1.72,1.75,2.0,19.0,30.0,19.0,4.0,2
2025-12-06,Preston,1,0,24,7,16,8,1,0,Wrexham,1,1,9,3,2,6,1,0,L Smith,D,A,2.41,3.12,3.05,2.38,1.67,2.24,1.61,2.0,1.76,30.0,26.0,5.0,12.0,1
2025-12-06,Swansea,2,2,15,4,10,8,2,0,Oxford,0,0,12,4,2,13,4,0,A Backhouse,H,H,2.05,3.3,3.72,2.25,1.73,2.15,1.66,2.0,1.74,17.0,18.0,21.0,20.0,2
2025-12-06,Bristol City,0,0,13,3,8,7,1,0,Millwall,1,0,12,6,1,18,5,0,E Duckworth,A,D,2.15,3.3,3.4,2.23,1.75,2.11,1.69,1.82,1.94,29.0,31.0,6.0,4.0,0
2025-12-06,Watford,3,1,13,6,6,12,1,0,Norwich,2,2,15,4,5,5,2,0,T Nield,H,A,1.94,3.56,3.77,1.87,2.0,1.83,1.93,1.89,1.86,24.0,13.0,15.0,23.0,2
2025-12-06,Derby,1,0,18,5,6,11,3,0,Leicester,3,3,5,4,3,11,2,0,J Smith,A,A,2.7,3.17,2.66,2.36,1.66,2.25,1.61,1.91,1.85,26.0,24.0,14.0,16.0,0
2025-12-06,Ipswich,3,1,10,6,2,14,5,0,Coventry,0,0,11,5,5,9,2,0,P Tierney,H,H,2.27,3.47,2.98,1.8,2.1,1.74,2.02,1.93,1.82,28.0,43.0,7.0,1.0,2
2025-12-09,Blackburn,1,0,16,5,9,9,1,0,Oxford,1,1,6,1,3,14,2,0,L Doughty,D,A,1.77,3.56,4.62,2.1,1.78,2.05,1.73,1.97,1.79,21.0,18.0,19.0,21.0,1
2025-12-09,Charlton,1,0,6,3,5,18,4,0,Middlesbrough,2,2,13,7,5,5,1,0,O Langford,A,A,3.34,3.29,2.17,2.1,1.75,2.06,1.72,1.92,1.79,23.0,36.0,17.0,2.0,0
2025-12-09,Preston,1,0,6,2,4,9,1,1,Coventry,1,0,21,5,8,9,0,0,B Toner,D,D,3.74,3.58,1.94,1.9,2.05,1.81,1.95,1.87,1.88,31.0,43.0,5.0,1.0,1
2025-12-09,Sheffield United,1,0,17,4,6,13,2,0,Norwich,1,0,13,6,2,13,3,0,J Smith,D,D,1.61,4.07,5.1,1.74,2.2,1.67,2.14,2.03,1.75,22.0,13.0,18.0,23.0,1
2025-12-09,Southampton,3,3,8,4,2,12,2,0,West Brom,2,0,18,7,9,13,2,0,S Allison,H,H,1.83,3.75,3.97,1.73,2.14,1.71,2.08,1.79,1.96,27.0,25.0,11.0,16.0,2
2025-12-09,Swansea,1,0,15,6,5,6,2,0,Portsmouth,0,0,10,3,6,9,3,0,T Reeves,H,D,2.11,3.35,3.46,2.15,1.8,2.03,1.74,1.8,1.97,20.0,17.0,20.0,22.0,2
2025-12-09,Watford,1,0,23,9,7,14,1,0,Sheffield Weds,1,1,4,1,4,4,1,0,D Whitestone,D,A,1.55,4.31,5.39,1.64,2.38,1.59,2.27,1.89,1.87,27.0,8.0,13.0,24.0,1
2025-12-09,QPR,2,1,16,3,6,11,2,0,Birmingham,1,0,3,1,3,8,1,0,J Bell,H,H,2.85,3.31,2.43,2.0,1.91,1.93,1.83,2.05,1.72,28.0,28.0,12.0,9.0,2
2025-12-10,Hull,2,1,19,6,8,8,0,0,Wrexham,0,0,8,1,2,6,1,0,A Kitchen,H,H,2.35,3.37,2.94,1.95,1.94,1.89,1.86,1.98,1.78,28.0,27.0,12.0,13.0,2
2025-12-10,Ipswich,1,1,16,6,3,11,1,0,Stoke,0,0,6,1,4,11,1,0,A Herczeg,H,H,1.64,3.86,5.15,1.91,1.98,1.85,1.9,1.81,1.95,31.0,30.0,5.0,8.0,2
2025-12-10,Derby,1,0,13,4,11,9,2,0,Millwall,1,0,12,2,7,13,3,0,T Kirk,D,D,2.47,3.07,3.02,2.5,1.55,2.43,1.52,2.04,1.71,26.0,34.0,15.0,4.0,1
2025-12-10,Bristol City,2,0,21,11,10,10,2,0,Leicester,2,2,12,5,3,15,3,0,J Linington,D,A,2.32,3.37,3.0,2.0,1.88,1.93,1.83,1.95,1.81,29.0,27.0,10.0,13.0,1
2025-12-12,West Brom,2,0,16,5,8,8,0,0,Sheffield United,0,0,11,3,4,10,1,0,M Donohue,H,D,2.4,3.34,2.88,2.0,1.93,1.9,1.84,2.03,1.75,25.0,23.0,16.0,17.0,2
2025-12-13,Wrexham,2,1,16,3,7,10,3,0,Watford,2,2,12,3,1,9,6,0,J Miles,D,A,2.5,3.23,2.82,2.1,1.8,1.99,1.76,1.8,1.96,27.0,28.0,15.0,12.0,1
2025-12-13,Norwich,2,0,16,5,6,15,2,0,Southampton,1,0,12,4,5,10,2,0,J Bell,H,D,3.39,3.75,1.99,1.64,2.35,1.59,2.26,1.8,1.94,14.0,30.0,23.0,9.0,2
2025-12-13,Oxford,1,0,24,8,9,10,1,0,Preston,2,1,8,2,9,9,2,0,J Linington,A,A,2.62,3.22,2.7,2.16,1.73,2.11,1.68,1.88,1.88,19.0,32.0,21.0,5.0,0
2025-12-13,Stoke,2,1,8,5,6,16,3,0,Swansea,1,0,14,6,7,14,4,0,R Ricardo,H,H,1.86,3.47,4.21,2.1,1.78,2.02,1.74,1.83,1.91,30.0,23.0,8.0,18.0,2
2025-12-13,Birmingham,1,1,24,5,10,9,3,0,Charlton,1,0,7,1,3,8,4,0,A Kitchen,D,H,1.57,3.9,5.79,2.0,1.8,1.95,1.79,1.99,1.77,28.0,23.0,12.0,18.0,1
2025-12-13,Coventry,1,0,21,4,4,13,1,0,Bristol City,0,0,15,8,5,15,3,0,S Martin,H,D,1.69,3.93,4.61,1.7,2.2,1.66,2.13,1.84,1.92,44.0,30.0,1.0,10.0,2
2025-12-13,Leicester,3,2,11,4,6,9,1,0,Ipswich,1,0,13,2,5,9,2,0,T Kirk,H,H,3.33,3.37,2.14,1.93,1.91,1.89,1.85,1.94,1.77,28.0,34.0,13.0,5.0,2
2025-12-13,Middlesbrough,3,2,18,7,9,13,1,0,QPR,1,0,13,5,4,8,0,0,J Smith,H,H,1.92,3.57,3.8,1.91,1.93,1.84,1.89,1.89,1.85,39.0,31.0,2.0,9.0,2
2025-12-13,Millwall,1,0,11,6,5,12,0,1,Hull,3,2,10,6,1,7,3,0,G Ward,A,A,1.96,3.5,3.71,1.98,1.91,1.89,1.84,1.92,1.82,35.0,31.0,4.0,8.0,0
2025-12-13,Portsmouth,2,0,18,7,7,9,2,0,Blackburn,1,1,11,2,6,14,3,0,T Robinson,H,A,2.74,3.22,2.57,2.16,1.73,2.09,1.69,1.94,1.82,17.0,22.0,23.0,20.0,2
2025-12-15,Sheffield Weds,0,0,3,1,1,10,4,0,Derby,3,1,15,7,5,8,1,0,L Smith,A,A,3.16,3.21,2.27,2.2,1.73,2.1,1.68,1.86,1.86,9.0,27.0,24.0,16.0,0
2025-12-19,Swansea,2,0,22,5,5,8,2,0,Wrexham,1,1,5,1,7,10,2,0,O Langford,H,A,2.23,3.26,3.26,2.18,1.75,2.08,1.71,1.9,1.85,23.0,28.0,19.0,15.0,2
2025-12-20,Blackburn,2,2,11,5,3,9,3,0,Millwall,0,0,10,3,6,18,3,0,S Allison,H,H,2.15,3.28,3.39,2.1,1.75,2.08,1.71,1.84,1.92,22.0,35.0,20.0,4.0,2
2025-12-20,Watford,1,0,10,5,7,10,3,0,Stoke,0,0,7,1,5,12,3,0,B Toner,H,D,2.11,3.38,3.35,1.95,1.91,1.9,1.84,1.8,1.96,29.0,33.0,14.0,7.0,2
2025-12-20,Sheffield United,3,2,20,9,8,6,1,0,Birmingham,0,0,7,1,4,13,3,1,S Hooper,H,H,2.28,3.4,3.03,1.93,1.93,1.85,1.89,1.93,1.82,23.0,29.0,20.0,14.0,2
2025-12-20,Ipswich,3,1,20,8,5,9,1,0,Sheffield Weds,1,0,11,3,3,9,1,0,D Webb,H,H,1.22,6.19,12.22,1.57,2.63,1.53,2.41,1.81,1.94,34.0,9.0,5.0,24.0,2
2025-12-20,Hull,1,1,10,1,8,14,4,0,West Brom,0,0,13,1,3,17,4,1,R Ricardo,H,H,2.77,3.35,2.46,1.93,1.94,1.85,1.89,1.98,1.79,34.0,28.0,6.0,16.0,2
2025-12-20,QPR,4,4,12,6,2,10,1,0,Leicester,1,0,9,2,3,13,2,0,T Nield,H,H,2.33,3.4,2.94,2.0,1.91,1.9,1.85,1.98,1.78,31.0,31.0,10.0,9.0,2
2025-12-20,Charlton,1,0,13,4,5,15,2,0,Oxford,0,0,12,1,6,7,1,0,E Bell,H,D,2.1,3.26,3.53,2.22,1.67,2.17,1.64,1.8,1.97,24.0,19.0,20.0,22.0,2
2025-12-20,Bristol City,2,1,13,8,3,6,2,0,Middlesbrough,0,0,28,3,13,5,3,0,A Backhouse,H,H,2.67,3.41,2.52,1.91,2.0,1.83,1.91,1.95,1.81,30.0,42.0,12.0,2.0,2
2025-12-20,Southampton,1,0,23,7,7,10,1,0,Coventry,1,1,8,4,2,11,1,1,A Herczeg,D,A,2.39,3.7,2.67,1.62,2.4,1.57,2.3,1.81,1.96,30.0,47.0,12.0,1.0,1
2025-12-20,Preston,1,0,11,4,4,11,2,0,Norwich,1,0,8,1,3,17,3,0,S Martin,D,D,2.16,3.43,3.22,1.91,1.98,1.84,1.9,1.84,1.91,35.0,17.0,5.0,23.0,1
2025-12-20,Derby,1,1,12,6,6,7,1,0,Portsmouth,1,1,4,1,4,4,1,0,F Hallam,D,D,2.02,3.23,3.87,2.3,1.67,2.21,1.62,1.99,1.76,30.0,20.0,13.0,21.0,1
2025-12-26,Portsmouth,1,1,8,2,9,9,1,0,QPR,1,0,8,3,3,14,2,0,J Linington,D,H,2.86,3.43,2.34,1.95,1.91,1.88,1.85,1.76,1.95,21.0,34.0,21.0,7.0,1
2025-12-26,Wrexham,5,2,18,8,7,7,1,0,Sheffield United,3,3,13,7,5,12,2,0,A Kitchen,H,A,3.24,3.34,2.18,2.08,1.85,1.97,1.78,1.89,1.82,28.0,26.0,15.0,18.0,2
2025-12-26,West Brom,1,0,16,4,9,14,1,0,Bristol City,2,2,6,3,4,10,3,0,W Finnie,A,A,2.07,3.39,3.45,2.02,1.91,1.93,1.82,1.77,1.98,28.0,33.0,16.0,9.0,0
2025-12-26,Stoke,0,0,14,3,10,8,4,0,Preston,0,0,8,4,2,12,2,0,T Kirk,D,D,2.11,3.22,3.5,2.28,1.73,2.13,1.67,1.79,1.96,33.0,36.0,9.0,6.0,1
2025-12-26,Sheffield Weds,2,1,12,3,4,5,2,0,Hull,2,1,14,6,4,12,4,0,S Martin,D,D,3.6,3.57,1.96,1.8,2.05,1.75,2.01,1.81,1.92,9.0,37.0,24.0,5.0,1
2025-12-26,Oxford,2,1,17,6,5,14,2,0,Southampton,1,1,19,5,7,9,1,0,L Doughty,H,D,3.93,3.74,1.82,1.79,2.1,1.72,2.05,1.93,1.8,19.0,31.0,22.0,11.0,2
2025-12-26,Leicester,1,1,9,2,5,14,3,0,Watford,2,1,13,3,6,8,2,0,J Smith,A,D,2.25,3.33,3.09,1.95,1.91,1.9,1.84,1.92,1.83,31.0,32.0,14.0,10.0,0
2025-12-26,Middlesbrough,0,0,10,2,4,11,2,0,Blackburn,0,0,13,2,4,9,2,0,J Bell,D,D,1.79,3.6,4.26,1.93,1.93,1.87,1.87,1.78,1.96,42.0,25.0,2.0,20.0,1
2025-12-26,Coventry,1,1,16,7,7,13,0,0,Swansea,0,0,11,2,4,13,2,0,S Allison,H,H,1.52,4.17,5.82,1.75,2.1,1.71,2.07,1.87,1.9,48.0,26.0,1.0,20.0,2
2025-12-26,Millwall,0,0,11,6,2,11,1,0,Ipswich,0,0,16,4,4,12,2,0,T Robinson,D,D,3.72,3.32,2.02,2.28,1.73,2.13,1.67,1.77,1.97,35.0,37.0,9.0,4.0,1
2025-12-26,Birmingham,1,0,25,9,12,17,3,1,Derby,1,1,5,1,1,13,1,1,B Toner,D,A,1.87,3.41,4.24,2.23,1.73,2.12,1.68,1.85,1.88,29.0,31.0,15.0,13.0,1
2025-12-26,Norwich,1,0,14,5,5,9,3,0,Charlton,0,0,4,0,6,17,2,0,M Donohue,H,D,1.99,3.46,3.63,1.98,1.92,1.9,1.85,1.94,1.79,18.0,27.0,23.0,17.0,2
2025-12-29,Sheffield Weds,0,0,5,0,2,12,2,0,Blackburn,0,0,14,2,7,11,3,0,O Langford,D,D,4.39,3.63,1.78,1.94,1.93,1.89,1.85,1.78,1.96,10.0,26.0,24.0,18.0,1
2025-12-29,Birmingham,1,0,20,4,2,10,1,0,Southampton,1,0,13,5,5,15,2,0,M Donohue,D,D,2.32,3.39,2.93,1.9,2.0,1.82,1.92,1.96,1.79,30.0,31.0,15.0,12.0,1
2025-12-29,Wrexham,2,1,14,6,3,11,0,0,Preston,1,0,13,4,3,10,0,0,R Ricardo,H,H,2.15,3.28,3.41,2.2,1.74,2.09,1.69,1.8,1.95,31.0,37.0,13.0,5.0,2
2025-12-29,West Brom,2,1,12,4,9,6,0,0,QPR,1,1,3,0,4,10,2,0,L Smith,H,D,2.08,3.38,3.5,2.06,1.8,1.98,1.77,2.02,1.73,28.0,35.0,16.0,9.0,2
2025-12-29,Stoke,1,0,7,3,6,9,0,1,Sheffield United,2,0,15,4,2,4,1,0,J Busby,A,D,2.81,3.27,2.49,2.14,1.8,2.03,1.74,1.99,1.77,34.0,26.0,10.0,19.0,0
2025-12-29,Portsmouth,2,0,15,5,5,11,2,0,Charlton,1,0,16,4,11,16,2,0,P Tierney,H,D,2.31,3.22,3.15,2.3,1.62,2.23,1.61,1.95,1.81,22.0,27.0,22.0,19.0,2
2025-12-29,Leicester,2,2,8,2,3,10,1,0,Derby,1,1,9,2,4,12,2,0,G Ward,H,H,2.07,3.32,3.54,2.2,1.73,2.12,1.67,2.02,1.73,31.0,32.0,15.0,13.0,2
2025-12-29,Norwich,0,0,9,1,8,8,0,0,Watford,1,0,8,2,3,6,1,0,M Corlett,A,D,2.52,3.46,2.65,1.8,2.0,1.76,1.99,1.84,1.92,21.0,35.0,23.0,8.0,0
2025-12-29,Millwall,2,1,8,2,1,15,4,0,Bristol City,1,0,16,3,8,8,1,0,D Webb,H,H,2.35,3.3,2.97,2.14,1.8,2.01,1.75,1.97,1.78,36.0,36.0,8.0,7.0,2
2025-12-29,Middlesbrough,0,0,23,5,10,11,1,0,Hull,1,1,4,1,2,11,4,0,L Doughty,A,A,1.65,3.96,4.79,1.76,2.2,1.69,2.1,1.81,1.94,43.0,38.0,2.0,6.0,0
2025-12-29,Coventry,0,0,10,3,3,12,1,0,Ipswich,2,0,18,7,6,14,2,0,A Backhouse,A,D,2.37,3.35,2.91,1.93,2.0,1.86,1.89,2.0,1.75,51.0,38.0,1.0,5.0,0
2025-12-29,Oxford,0,0,11,2,1,13,2,0,Swansea,1,1,10,5,5,11,4,0,A Herczeg,A,A,2.77,3.19,2.57,2.25,1.73,2.12,1.68,1.94,1.82,22.0,26.0,22.0,20.0,0
2026-01-01,Sheffield United,3,1,13,5,7,13,1,0,Leicester,1,0,6,1,3,10,2,0,F Hallam,H,H,1.79,3.69,4.29,1.88,2.0,1.81,1.94,1.99,1.76,29.0,34.0,17.0,12.0,2
2026-01-01,Watford,3,2,13,6,4,5,1,0,Birmingham,0,0,6,2,4,14,2,0,L Smith,H,H,2.35,3.33,2.97,2.0,1.81,1.95,1.8,1.98,1.78,38.0,31.0,6.0,16.0,2
2026-01-01,Swansea,1,0,13,3,4,7,2,0,West Brom,0,0,12,7,5,15,5,0,J Linington,H,D,2.72,3.16,2.63,2.2,1.67,2.16,1.65,1.94,1.82,29.0,31.0,18.0,17.0,2
2026-01-01,Southampton,0,0,12,2,6,6,1,0,Millwall,0,0,12,3,6,11,3,0,T Nield,D,D,1.76,3.79,4.31,1.8,2.05,1.75,2.01,1.95,1.81,32.0,39.0,13.0,6.0,1
2026-01-01,QPR,1,0,10,2,7,10,0,0,Norwich,2,0,11,5,3,10,3,0,D Whitestone,A,D,2.11,3.44,3.34,1.95,1.91,1.87,1.87,1.82,1.94,35.0,21.0,9.0,23.0,0
2026-01-01,Preston,3,1,12,7,4,10,2,0,Sheffield Weds,0,0,6,1,7,8,0,0,G Ward,H,H,1.5,4.16,6.29,1.85,2.04,1.79,1.96,1.83,1.93,37.0,11.0,7.0,24.0,2
2026-01-01,Hull,0,0,15,1,6,13,3,0,Stoke,1,1,12,6,6,13,2,0,C Pawson,A,A,2.35,3.27,3.02,2.1,1.84,2.0,1.76,1.97,1.77,41.0,34.0,5.0,10.0,0
2026-01-01,Derby,1,0,7,3,4,12,2,0,Middlesbrough,0,0,19,5,9,9,2,0,R Ricardo,H,D,3.06,3.24,2.34,2.15,1.73,2.1,1.69,1.79,1.91,32.0,43.0,14.0,2.0,2
2026-01-01,Charlton,1,0,15,3,9,10,3,0,Coventry,1,1,20,7,3,7,2,0,J Smith,D,A,3.81,3.52,1.93,1.93,1.93,1.86,1.88,1.86,1.87,27.0,51.0,20.0,1.0,1
2026-01-01,Bristol City,5,2,14,7,1,6,0,0,Portsmouth,0,0,5,2,1,14,1,0,J Bell,H,H,1.71,3.78,4.65,1.91,1.98,1.84,1.9,1.87,1.89,36.0,25.0,9.0,21.0,2
2026-01-01,Blackburn,0,0,12,1,4,14,4,0,Wrexham,2,2,7,3,8,10,2,0,T Kirk,A,A,2.06,3.41,3.52,2.1,1.8,2.0,1.76,2.01,1.74,27.0,34.0,20.0,12.0,0
2026-01-01,Ipswich,2,2,19,6,9,9,1,0,Oxford,1,1,8,1,2,12,4,0,W Finnie,H,H,1.31,5.08,9.58,1.73,2.1,1.71,2.07,1.91,1.83,41.0,22.0,3.0,23.0,2
2026-01-04,Norwich,0,0,7,1,3,9,1,0,Stoke,2,0,14,4,3,10,2,0,F Hallam,A,D,2.23,3.39,3.08,1.93,1.93,1.89,1.86,1.92,1.84,24.0,37.0,22.0,9.0,0
2026-01-04,Millwall,2,1,17,9,12,12,2,0,Swansea,1,0,13,7,3,8,0,0,J Busby,H,H,2.16,3.2,3.42,2.33,1.67,2.21,1.62,1.84,1.91,40.0,32.0,8.0,16.0,2
2026-01-04,Derby,1,1,13,5,12,9,1,0,Wrexham,2,1,11,3,2,8,2,0,M Corlett,A,D,2.31,3.15,3.16,2.38,1.67,2.22,1.62,1.94,1.8,35.0,37.0,11.0,10.0,0
2026-01-04,Middlesbrough,4,0,22,5,11,7,0,0,Southampton,0,0,16,5,5,12,4,0,O Langford,H,D,2.15,3.56,3.11,1.73,2.2,1.68,2.12,1.85,1.9,43.0,33.0,3.0,14.0,2
2026-01-04,Blackburn,2,1,17,5,2,9,1,0,Charlton,2,2,11,4,5,18,4,0,D Webb,D,A,2.07,3.17,3.7,2.3,1.67,2.21,1.62,2.01,1.73,27.0,28.0,20.0,19.0,1
2026-01-04,QPR,3,1,13,7,5,9,0,0,Sheffield Weds,0,0,4,2,2,14,0,0,S Allison,H,H,1.41,4.59,7.43,1.8,2.06,1.74,2.01,1.88,1.87,35.0,11.0,12.0,24.0,2
2026-01-04,Birmingham,3,2,9,4,2,13,3,0,Coventry,2,1,17,6,6,8,1,1,J Linington,H,H,2.54,3.41,2.64,1.83,2.03,1.78,1.96,1.84,1.92,31.0,52.0,17.0,1.0,2
2026-01-04,Bristol City,0,0,11,2,6,11,0,0,Preston,2,1,12,3,3,14,2,0,P Tierney,A,A,1.87,3.5,4.06,2.0,1.8,1.96,1.79,1.83,1.91,39.0,40.0,10.0,7.0,0
2026-01-05,Leicester,2,1,11,3,4,9,1,0,West Brom,1,1,16,8,4,7,0,0,S Martin,H,D,2.5,3.32,2.72,2.07,1.83,1.99,1.76,1.8,1.95,34.0,31.0,14.0,18.0,2
2026-01-16,West Brom,2,0,12,6,4,11,2,0,Middlesbrough,3,1,9,5,1,4,0,0,J Smith,A,A,2.5,3.3,2.78,2.1,1.77,2.02,1.74,1.79,1.98,31.0,46.0,18.0,2.0,0
2026-01-17,Swansea,1,1,19,4,5,10,0,0,Birmingham,1,0,12,1,5,14,0,0,T Nield,D,H,2.71,3.2,2.62,2.14,1.73,2.09,1.69,1.9,1.85,32.0,34.0,17.0,14.0,1
2026-01-17,Wrexham,1,1,17,3,7,8,0,0,Norwich,2,1,7,3,1,9,1,0,W Finnie,A,D,2.24,3.42,3.08,1.91,1.95,1.85,1.89,1.93,1.84,40.0,24.0,9.0,22.0,0
2026-01-17,Stoke,0,0,12,3,6,11,3,0,QPR,0,0,7,2,2,10,4,0,M Donohue,D,D,2.11,3.29,3.48,2.15,1.73,2.09,1.69,1.8,1.96,40.0,38.0,8.0,11.0,1
2026-01-17,Southampton,1,0,22,7,8,5,0,0,Hull,2,2,9,3,2,15,2,0,S Allison,A,A,1.7,3.97,4.5,1.67,2.3,1.62,2.2,1.87,1.89,33.0,41.0,15.0,8.0,0
2026-01-17,Sheffield Weds,0,0,7,1,7,15,0,0,Portsmouth,1,0,12,3,6,10,2,0,J Busby,A,D,3.4,3.26,2.16,2.2,1.68,2.16,1.65,1.93,1.83,11.0,25.0,24.0,22.0,0
2026-01-17,Oxford,0,0,9,3,6,9,2,0,Bristol City,0,0,6,1,5,12,3,0,T Robinson,D,D,3.25,3.35,2.19,2.0,1.85,1.95,1.79,1.89,1.87,22.0,39.0,23.0,10.0,1
2026-01-17,Charlton,1,0,12,4,9,13,4,0,Sheffield United,0,0,11,2,7,7,1,2,O Langford,H,D,3.33,3.38,2.13,1.98,1.91,1.92,1.82,1.95,1.82,29.0,32.0,19.0,17.0,2
2026-01-17,Watford,0,0,9,3,4,7,4,0,Millwall,2,0,13,4,4,22,4,0,R Ricardo,A,D,2.01,3.39,3.66,2.1,1.75,2.03,1.73,1.97,1.77,41.0,43.0,8.0,6.0,0
2026-01-17,Ipswich,3,2,17,7,7,6,0,0,Blackburn,0,0,10,0,6,15,4,0,A Kitchen,H,H,1.51,4.06,6.38,2.0,1.87,1.95,1.8,1.88,1.89,44.0,28.0,4.0,20.0,2
2026-01-17,Coventry,2,0,19,6,5,8,1,0,Leicester,1,1,14,6,3,14,4,0,L Smith,H,A,1.62,4.03,4.98,1.67,2.25,1.62,2.2,1.77,2.0,52.0,37.0,1.0,12.0,2
2026-01-17,Preston,0,0,13,2,5,7,2,0,Derby,1,0,18,4,10,12,5,0,F Hallam,A,D,2.28,3.12,3.29,2.38,1.57,2.35,1.55,1.91,1.85,43.0,35.0,6.0,13.0,0
2026-01-20,Sheffield Weds,0,0,7,1,3,9,2,0,Birmingham,2,0,22,7,11,10,1,0,L Doughty,A,D,6.54,4.25,1.48,1.86,2.0,1.81,1.94,1.98,1.78,11.0,35.0,24.0,14.0,0
2026-01-20,Wrexham,1,0,16,3,3,12,1,0,Leicester,1,0,5,4,1,12,2,0,M Donohue,D,D,2.2,3.47,3.12,1.91,1.95,1.86,1.88,1.88,1.87,40.0,37.0,10.0,14.0,1
2026-01-20,West Brom,0,0,13,2,10,13,3,0,Norwich,5,1,9,7,2,9,1,0,J Bell,A,A,1.99,3.44,3.72,2.05,1.85,1.96,1.8,1.95,1.79,31.0,27.0,19.0,22.0,0
2026-01-20,Preston,0,0,17,5,6,13,2,1,Hull,3,2,17,9,6,12,3,0,S Martin,A,A,2.25,3.29,3.18,2.22,1.77,2.09,1.7,1.9,1.86,43.0,44.0,6.0,5.0,0
2026-01-20,Swansea,3,1,14,4,4,10,2,0,Blackburn,1,1,5,2,3,14,3,0,A Backhouse,H,D,2.08,3.23,3.65,2.3,1.67,2.23,1.61,2.02,1.73,33.0,28.0,16.0,21.0,2
2026-01-20,Ipswich,2,1,11,3,9,19,1,0,Bristol City,0,0,8,3,2,14,6,0,D Whitestone,H,H,1.65,3.78,5.19,2.02,1.86,1.94,1.8,1.82,1.95,47.0,40.0,3.0,10.0,2
2026-01-20,Coventry,2,1,15,4,4,7,2,0,Millwall,1,1,14,4,3,12,1,0,A Kitchen,H,D,1.79,3.64,4.34,1.91,1.98,1.85,1.9,1.98,1.78,55.0,46.0,1.0,5.0,2
2026-01-20,Charlton,1,0,11,4,4,12,0,0,Derby,2,1,15,5,0,14,2,1,J Linington,A,A,2.68,3.01,2.8,2.63,1.55,2.46,1.51,1.85,1.91,32.0,38.0,18.0,13.0,0
2026-01-20,Oxford,0,0,9,1,2,13,1,0,QPR,0,0,14,2,6,11,2,0,W Finnie,D,D,2.62,3.13,2.77,2.3,1.65,2.24,1.6,1.79,1.98,23.0,39.0,23.0,12.0,1
2026-01-21,Southampton,1,1,15,3,6,11,3,0,Sheffield United,0,0,16,4,7,14,1,0,T Kirk,H,H,2.32,3.65,2.77,1.72,2.2,1.66,2.15,2.01,1.76,33.0,32.0,16.0,17.0,2
2026-01-21,Watford,1,0,15,4,8,9,1,0,Portsmouth,1,0,10,2,7,12,1,0,B Toner,D,D,1.71,3.68,4.84,2.04,1.8,1.98,1.77,1.89,1.87,41.0,28.0,8.0,22.0,1
2026-01-21,Stoke,1,1,10,4,5,11,1,1,Middlesbrough,2,0,16,7,4,10,1,0,A Herczeg,A,H,2.98,3.23,2.38,2.12,1.8,2.03,1.73,1.76,2.0,41.0,49.0,8.0,3.0,0
2026-01-23,Derby,1,1,5,1,1,14,2,0,West Brom,1,0,12,4,6,13,3,0,A Backhouse,D,H,2.58,3.04,2.86,2.5,1.57,2.38,1.53,1.83,1.93,41.0,31.0,10.0,19.0,1
2026-01-24,Sheffield United,3,2,15,8,4,15,0,1,Ipswich,1,0,11,5,5,11,4,0,T Nield,H,H,2.89,3.34,2.39,2.0,1.84,1.93,1.8,1.74,2.0,32.0,50.0,17.0,3.0,2
2026-01-24,QPR,2,1,13,3,7,13,1,1,Wrexham,3,0,11,7,3,13,2,0,O Langford,A,H,2.32,3.22,3.11,2.2,1.73,2.12,1.67,1.96,1.8,40.0,41.0,12.0,10.0,0
2026-01-24,Leicester,1,0,13,4,12,13,0,0,Oxford,2,1,8,2,4,11,3,0,J Linington,A,A,1.87,3.51,4.07,1.95,1.91,1.9,1.85,1.84,1.89,38.0,24.0,14.0,23.0,0
2026-01-24,Hull,2,2,10,7,6,13,3,0,Swansea,1,0,16,4,7,6,2,0,J Smith,H,H,2.4,3.22,2.97,2.12,1.8,2.04,1.73,2.01,1.75,47.0,36.0,4.0,16.0,2
2026-01-24,Bristol City,2,0,16,7,9,6,0,0,Sheffield Weds,0,0,3,0,7,13,0,0,B Speedie,H,D,1.26,5.66,10.58,1.62,2.43,1.58,2.28,1.78,1.95,40.0,11.0,11.0,24.0,2
2026-01-24,Birmingham,1,1,18,5,6,7,1,0,Stoke,1,0,7,1,6,10,1,0,J Bell,D,H,1.87,3.5,4.11,2.1,1.74,2.05,1.71,1.83,1.91,38.0,41.0,13.0,11.0,1
2026-01-24,Millwall,4,1,23,6,6,8,1,0,Charlton,0,0,3,1,3,13,1,0,G Ward,H,H,1.78,3.39,4.73,2.4,1.67,2.23,1.6,1.75,1.98,46.0,32.0,5.0,18.0,2
2026-01-24,Middlesbrough,4,3,16,8,8,11,0,0,Preston,0,0,4,1,3,19,2,1,A Madley,H,H,1.55,4.03,5.68,1.9,2.0,1.82,1.91,1.92,1.82,52.0,43.0,2.0,8.0,2
2026-01-24,Blackburn,1,1,7,3,7,8,0,0,Watford,1,1,14,4,8,7,2,0,A Herczeg,D,D,2.7,3.13,2.67,2.28,1.67,2.18,1.63,1.9,1.87,28.0,42.0,22.0,10.0,1
2026-01-25,Portsmouth,1,0,14,3,4,9,2,0,Southampton,1,0,6,4,2,14,1,0,L Smith,D,D,3.22,3.35,2.18,1.95,1.91,1.91,1.84,1.9,1.86,29.0,36.0,22.0,15.0,1
2026-01-26,Norwich,2,0,16,5,4,10,1,0,Coventry,1,1,16,5,7,9,1,0,T Kirk,H,A,2.84,3.51,2.31,1.79,2.2,1.68,2.12,1.78,1.99,30.0,58.0,20.0,1.0,2
2026-01-30,Bristol City,0,0,7,1,4,9,1,0,Derby,5,3,17,7,1,15,1,0,T Nield,A,A,2.14,3.28,3.44,2.14,1.73,2.09,1.7,1.82,1.95,43.0,42.0,7.0,11.0,0
2026-01-31,Millwall,1,1,14,6,6,9,2,0,Sheffield United,1,1,12,6,8,8,1,0,L Smith,D,D,2.5,3.3,2.77,1.98,1.91,1.92,1.83,1.8,1.96,49.0,35.0,5.0,17.0,1
2026-01-31,Watford,0,0,17,5,5,10,1,1,Swansea,2,0,14,7,8,11,2,0,M Corlett,A,D,2.11,3.3,3.48,2.1,1.75,2.05,1.72,1.8,1.97,43.0,36.0,8.0,17.0,0
2026-01-31,Portsmouth,3,2,20,6,3,7,0,0,West Brom,0,0,4,1,3,11,2,0,M Donohue,H,H,3.01,3.07,2.46,2.5,1.6,2.36,1.55,1.73,2.05,30.0,32.0,21.0,20.0,2
2026-01-31,Oxford,0,0,10,4,4,7,2,0,Birmingham,2,1,11,2,4,12,2,0,S Martin,A,A,3.45,3.34,2.1,2.1,1.78,2.03,1.73,1.97,1.79,27.0,39.0,23.0,13.0,0
2026-01-31,Middlesbrough,1,1,9,5,3,12,2,0,Norwich,0,0,8,3,5,18,2,0,B Toner,H,H,1.73,3.84,4.42,1.74,2.1,1.71,2.07,1.92,1.84,55.0,33.0,2.0,18.0,2
2026-01-31,QPR,2,0,15,8,5,7,1,0,Coventry,1,0,9,2,5,8,2,0,J Smith,H,D,3.13,3.39,2.22,1.91,2.04,1.8,1.94,1.88,1.88,40.0,58.0,13.0,1.0,2
2026-01-31,Blackburn,0,0,9,3,8,6,2,0,Hull,1,0,12,4,4,10,0,0,T Bramall,A,D,2.3,3.31,3.06,2.1,1.8,2.0,1.76,1.96,1.81,29.0,50.0,22.0,4.0,0
2026-01-31,Stoke,0,0,10,3,4,8,2,0,Southampton,2,1,11,4,5,18,3,0,F Hallam,A,A,2.82,3.37,2.42,1.91,1.95,1.86,1.88,2.05,1.73,42.0,37.0,12.0,16.0,0
2026-01-31,Sheffield Weds,0,0,5,2,3,13,0,0,Wrexham,1,0,12,4,8,7,0,0,D Webb,A,D,7.3,4.41,1.42,1.91,1.98,1.85,1.89,1.8,1.97,11.0,44.0,24.0,7.0,0
2026-01-31,Leicester,0,0,21,1,6,8,0,1,Charlton,2,2,9,5,2,11,2,0,A Kitchen,A,A,2.08,3.32,3.56,2.1,1.8,2.03,1.74,1.77,2.0,38.0,32.0,16.0,20.0,0
2026-01-31,Ipswich,1,0,16,5,9,11,1,0,Preston,1,0,11,4,3,10,2,0,J Busby,D,D,1.36,4.71,8.34,1.83,2.03,1.78,1.97,1.84,1.92,50.0,43.0,4.0,10.0,1
2026-02-03,Blackburn,1,1,9,6,8,13,4,0,Sheffield Weds,0,0,2,1,2,12,2,0,D Whitestone,H,H,1.35,4.85,8.57,1.8,2.05,1.75,2.02,1.78,1.98,29.0,11.0,22.0,24.0,2
2026-02-03,Hull,0,0,6,3,7,12,4,0,Watford,0,0,16,2,5,9,3,0,L Doughty,D,D,2.23,3.35,3.16,1.96,1.91,1.9,1.84,1.91,1.85,53.0,43.0,3.0,10.0,1
2026-02-03,Sheffield United,3,1,11,3,10,9,3,0,Oxford,1,1,6,2,2,12,4,0,A Backhouse,H,D,1.38,4.65,7.94,1.8,2.14,1.73,2.04,1.85,1.91,36.0,27.0,17.0,23.0,2
2026-02-06,Charlton,0,0,16,5,7,5,2,0,QPR,0,0,18,4,5,8,1,0,T Nield,D,D,2.83,3.04,2.63,2.36,1.65,2.26,1.6,1.96,1.8,35.0,43.0,18.0,11.0,1
2026-02-07,Wrexham,0,0,16,5,5,5,1,0,Millwall,2,0,7,1,4,11,3,0,T Robinson,A,D,2.54,3.21,2.8,2.1,1.73,2.09,1.7,1.81,1.94,47.0,50.0,6.0,5.0,0
2026-02-07,West Brom,0,0,10,2,2,8,1,0,Stoke,0,0,8,3,2,9,1,0,D Webb,D,D,2.23,3.18,3.33,2.25,1.68,2.22,1.62,1.89,1.87,32.0,42.0,22.0,12.0,1
2026-02-07,Preston,1,1,7,3,2,15,3,0,Portsmouth,0,0,12,4,14,11,1,0,A Herczeg,H,H,2.38,3.15,3.06,2.3,1.66,2.23,1.62,1.99,1.77,44.0,33.0,9.0,20.0,2
2026-02-07,Hull,2,1,10,5,2,10,2,0,Bristol City,3,2,11,6,4,8,0,0,O Langford,A,A,2.33,3.32,3.0,2.0,1.91,1.93,1.82,1.96,1.79,54.0,43.0,3.0,12.0,0
2026-02-07,Birmingham,2,1,22,6,10,11,0,0,Leicester,1,1,7,2,1,10,2,1,J Busby,H,D,1.71,3.78,4.61,1.91,2.0,1.81,1.94,1.89,1.87,42.0,38.0,13.0,17.0,2
2026-02-07,Southampton,1,0,6,4,3,10,3,0,Watford,0,0,11,2,9,10,1,0,E Bell,H,D,1.87,3.61,3.97,1.83,2.03,1.79,1.96,1.83,1.91,40.0,44.0,14.0,11.0,2
2026-02-07,Norwich,2,0,12,3,5,12,2,0,Blackburn,0,0,6,0,4,11,2,0,J Linington,H,D,1.95,3.44,3.84,2.05,1.83,1.98,1.77,1.91,1.82,33.0,32.0,19.0,22.0,2
2026-02-07,Derby,1,0,9,1,3,9,1,1,Ipswich,2,1,13,5,7,14,4,0,J Smith,A,A,3.64,3.3,2.05,2.15,1.73,2.1,1.69,1.75,1.99,45.0,51.0,9.0,5.0,0
2026-02-07,Coventry,0,0,24,5,10,7,1,0,Oxford,0,0,4,0,0,13,6,1,R Ricardo,D,D,1.41,4.7,7.15,1.64,2.35,1.61,2.24,1.87,1.89,58.0,27.0,1.0,23.0,1
2026-02-08,Swansea,4,1,22,6,8,9,2,0,Sheffield Weds,0,0,3,0,2,15,2,0,T Kirk,H,H,1.31,5.03,9.79,1.8,2.12,1.75,2.01,1.92,1.81,39.0,11.0,16.0,24.0,2
2026-02-09,Sheffield United,1,0,13,5,8,14,3,1,Middlesbrough,2,2,19,9,8,11,2,0,G Ward,A,A,2.24,3.38,3.05,1.87,2.0,1.8,1.94,1.93,1.83,39.0,58.0,16.0,2.0,0
2026-02-10,Leicester,3,3,8,3,3,11,0,0,Southampton,4,0,16,7,9,13,1,0,B Toner,A,H,3.03,3.43,2.26,1.83,2.0,1.78,1.97,1.83,1.93,38.0,43.0,17.0,14.0,0
2026-02-10,Oxford,0,0,7,1,2,8,1,0,Norwich,3,2,8,4,4,12,1,0,S Allison,A,A,3.0,3.21,2.4,2.28,1.74,2.16,1.65,1.76,2.01,28.0,36.0,23.0,18.0,0
2026-02-10,Birmingham,0,0,16,5,11,10,1,0,West Brom,0,0,9,1,3,16,5,0,A Herczeg,D,D,1.86,3.46,4.27,2.12,1.75,2.05,1.73,1.82,1.91,45.0,33.0,11.0,21.0,1
2026-02-11,Charlton,1,0,17,4,6,5,2,0,Stoke,0,0,6,2,5,6,4,0,A Backhouse,H,D,2.69,3.11,2.7,2.3,1.62,2.25,1.6,1.88,1.89,36.0,43.0,19.0,14.0,2
2026-02-14,Sheffield Weds,1,0,11,3,3,9,3,0,Millwall,2,0,20,6,11,12,2,0,E Duckworth,A,D,8.3,4.56,1.37,1.95,1.98,1.85,1.9,1.9,1.87,11.0,53.0,24.0,5.0,0
2026-02-14,Preston,2,1,8,3,9,8,1,0,Watford,2,0,20,5,7,6,1,0,D Whitestone,D,H,3.07,3.19,2.33,2.2,1.76,2.12,1.67,1.79,1.96,47.0,44.0,7.0,12.0,1
2026-02-14,QPR,1,1,21,4,8,12,2,0,Blackburn,3,2,7,4,1,14,3,0,S Martin,A,A,2.22,3.19,3.26,2.25,1.67,2.2,1.62,1.88,1.88,44.0,32.0,13.0,22.0,0
2026-02-14,Derby,2,0,11,6,6,20,2,0,Swansea,0,0,15,2,2,12,2,0,A Kitchen,H,D,2.17,3.16,3.4,2.33,1.67,2.23,1.61,1.85,1.91,45.0,42.0,11.0,15.0,2
2026-02-14,Portsmouth,0,0,23,7,11,12,1,0,Sheffield United,1,0,11,2,4,12,4,0,J Linington,A,D,3.08,3.36,2.23,2.03,1.85,1.95,1.8,1.85,1.91,33.0,39.0,22.0,17.0,0
2026-02-16,Coventry,3,1,9,4,3,17,3,0,Middlesbrough,1,0,18,4,2,13,2,0,T Bramall,H,H,2.22,3.48,3.01,1.75,2.2,1.69,2.1,1.91,1.84,59.0,61.0,2.0,1.0,2
2026-02-17,Bristol City,2,0,8,5,3,11,2,0,Wrexham,2,1,9,3,2,13,3,0,R Ricardo,D,A,2.16,3.45,3.21,1.91,1.96,1.86,1.88,1.86,1.9,46.0,47.0,9.0,8.0,1
2026-02-17,Charlton,1,0,12,4,3,16,7,0,Portsmouth,3,2,12,6,2,7,2,0,L Doughty,A,A,2.45,3.1,3.01,2.3,1.67,2.24,1.61,2.03,1.75,39.0,33.0,18.0,22.0,0
2026-02-20,Blackburn,1,0,13,3,5,8,2,0,Preston,0,0,3,2,3,10,2,0,A Backhouse,H,D,2.0,3.28,3.87,2.28,1.67,2.18,1.64,1.97,1.78,35.0,48.0,21.0,8.0,2
2026-02-21,Wrexham,5,2,17,10,5,14,5,0,Ipswich,3,2,13,6,2,10,4,0,L Doughty,H,D,3.27,3.32,2.19,2.1,1.8,2.02,1.73,1.91,1.85,48.0,54.0,7.0,4.0,2
2026-02-21,Southampton,1,0,23,8,10,6,2,0,Charlton,1,0,6,3,1,11,1,0,J Busby,D,D,1.56,4.1,5.59,1.81,2.0,1.76,1.97,1.92,1.84,46.0,39.0,10.0,18.0,1
2026-02-21,Norwich,1,0,18,9,6,6,0,0,Birmingham,2,2,9,5,5,14,1,0,F Hallam,A,A,2.54,3.35,2.68,1.91,1.92,1.87,1.85,1.83,1.93,39.0,46.0,18.0,11.0,0
2026-02-21,Millwall,1,0,6,3,6,13,1,0,Portsmouth,3,0,15,8,4,8,2,0,S Martin,A,D,1.86,3.5,4.15,2.1,1.77,2.03,1.72,1.82,1.91,56.0,36.0,3.0,21.0,0
2026-02-21,Watford,2,1,18,8,2,13,2,0,Derby,0,0,5,1,2,11,2,0,D Webb,H,H,2.16,3.29,3.35,2.2,1.74,2.1,1.68,1.82,1.94,45.0,48.0,12.0,8.0,2
2026-02-21,West Brom,0,0,11,1,3,10,0,0,Coventry,2,2,10,3,2,7,3,0,J Linington,A,A,3.47,3.46,2.06,1.98,1.94,1.89,1.85,2.0,1.76,34.0,62.0,22.0,1.0,0
2026-02-21,Swansea,1,1,8,3,3,14,2,0,Bristol City,0,0,12,2,5,11,4,0,W Finnie,H,H,2.14,3.38,3.34,2.0,1.85,1.95,1.8,1.82,1.94,42.0,47.0,16.0,11.0,2
2026-02-21,Stoke,2,1,11,3,7,5,2,0,Leicester,2,0,15,5,4,6,1,0,G Ward,D,H,2.14,3.33,3.39,2.1,1.87,2.01,1.75,1.82,1.94,43.0,38.0,15.0,20.0,1
2026-02-21,Hull,1,1,14,4,8,8,3,0,QPR,3,1,12,8,4,14,1,0,A Madley,A,D,2.29,3.3,3.09,2.05,1.87,1.95,1.79,1.95,1.81,54.0,44.0,5.0,15.0,0
2026-02-21,Middlesbrough,0,0,24,7,9,10,3,0,Oxford,0,0,13,2,5,10,1,0,O Langford,D,D,1.4,4.59,7.6,1.8,2.1,1.74,2.01,1.87,1.89,61.0,28.0,2.0,23.0,1
2026-02-22,Sheffield United,2,2,10,4,2,11,1,1,Sheffield Weds,1,0,6,2,6,20,5,1,J Smith,H,H,1.14,8.0,16.13,1.44,2.95,1.39,2.8,1.87,1.89,42.0,11.0,16.0,24.0,2
2026-02-24,Southampton,5,2,14,9,5,6,1,0,QPR,0,0,5,1,3,12,0,0,O Langford,H,H,1.68,3.87,4.58,1.73,2.2,1.69,2.11,1.86,1.9,47.0,47.0,11.0,13.0,2
2026-02-24,Wrexham,2,2,10,5,3,9,0,0,Portsmouth,1,0,9,1,15,8,1,0,T Reeves,H,H,2.04,3.37,3.58,2.08,1.83,1.98,1.77,1.75,2.03,51.0,39.0,6.0,20.0,2
2026-02-24,West Brom,1,1,18,2,7,12,2,0,Charlton,1,0,3,2,0,15,3,0,S Allison,D,H,1.96,3.24,4.06,2.5,1.6,2.43,1.53,1.92,1.82,34.0,40.0,22.0,17.0,1
2026-02-24,Watford,0,0,11,2,3,14,2,0,Ipswich,2,1,11,3,4,16,3,0,B Toner,A,A,3.24,3.24,2.22,2.22,1.76,2.12,1.68,1.86,1.88,48.0,54.0,10.0,4.0,0
2026-02-24,Middlesbrough,1,1,17,4,8,11,1,0,Leicester,1,1,11,6,5,9,1,0,A Kitchen,D,D,1.5,4.3,5.87,1.73,2.28,1.66,2.15,1.82,1.94,62.0,39.0,2.0,19.0,1
2026-02-24,Hull,4,2,9,3,7,19,2,0,Derby,2,2,18,6,3,9,2,0,A Herczeg,H,D,2.51,3.24,2.78,2.1,1.82,2.02,1.75,1.81,1.96,54.0,48.0,6.0,9.0,2
2026-02-24,Blackburn,1,1,19,7,6,15,2,0,Bristol City,2,2,10,5,4,10,2,0,M Donohue,A,A,2.38,3.19,3.02,2.2,1.68,2.17,1.65,2.0,1.78,38.0,47.0,21.0,12.0,0
2026-02-24,Swansea,1,0,12,2,4,5,2,0,Preston,1,1,14,3,8,17,2,0,D Webb,D,A,1.76,3.6,4.48,2.1,1.82,2.03,1.74,1.99,1.78,45.0,48.0,15.0,12.0,1
2026-02-25,Sheffield United,1,0,22,4,7,12,3,0,Coventry,2,0,11,5,3,14,2,0,J Busby,A,D,2.41,3.49,2.73,1.73,2.23,1.67,2.13,1.78,1.98,45.0,65.0,15.0,1.0,0
2026-02-25,Millwall,3,2,11,5,7,14,1,0,Birmingham,0,0,5,2,5,8,0,1,D Whitestone,H,H,2.45,3.25,2.85,2.1,1.81,2.01,1.75,1.75,2.01,56.0,49.0,5.0,9.0,2
2026-02-25,Norwich,2,2,19,6,3,11,0,0,Sheffield Weds,0,0,4,1,4,4,0,0,R Ricardo,H,H,1.18,6.78,14.17,1.5,2.8,1.46,2.61,1.89,1.88,39.0,11.0,19.0,24.0,2
2026-02-25,Stoke,2,1,21,9,8,11,2,0,Oxford,1,1,9,2,7,5,1,0,J Linington,H,D,1.81,3.41,4.56,2.25,1.67,2.22,1.62,1.77,1.97,44.0,29.0,16.0,23.0,2
