Date,HomeTeam,FTHG,HTHG,HS,HST,HC,HF,HY,HR,AwayTeam,FTAG,HTAG,AS,AST,AC,AF,AY,AR,Referee,FTR,HTR,ResultNum
2013-08-17,Arsenal,1,1,16,4,4,15,4,1,Aston Villa,3,1,9,4,3,18,5,0,A Taylor,A,D,0
2013-08-17,Liverpool,1,1,26,11,12,11,1,0,Stoke,0,0,10,4,6,11,1,0,M Atkinson,H,H,2
2013-08-17,Norwich,2,0,8,2,6,13,2,0,Everton,2,0,19,6,8,10,0,0,M Oliver,D,D,1
2013-08-17,Sunderland,0,0,20,3,6,14,0,0,Fulham,1,0,5,1,1,14,3,0,N Swarbrick,A,D,0
2013-08-17,Swansea,1,0,17,6,7,13,1,0,Man United,4,2,15,7,4,10,3,0,P Dowd,A,A,0
2013-08-17,West Brom,0,0,11,1,4,14,4,0,Southampton,1,0,7,2,8,24,0,0,K Friend,A,D,0
2013-08-17,West Ham,2,1,18,4,4,10,0,0,Cardiff,0,0,12,1,3,7,1,0,H Webb,H,H,2
2013-08-18,Chelsea,2,2,22,5,5,7,0,0,Hull,0,0,7,2,1,16,1,0,J Moss,H,H,2
2013-08-18,Crystal Palace,0,0,5,3,3,6,1,0,Tottenham,1,0,17,2,7,9,0,0,M Clattenburg,A,D,0
2013-08-19,Man City,4,2,20,11,8,9,2,0,Newcastle,0,0,5,1,1,7,3,1,A Marriner,H,H,2
2013-08-21,Chelsea,2,1,15,3,1,12,1,0,Aston Villa,1,1,7,3,2,13,4,0,K Friend,H,D,2
2013-08-24,Stoke,2,0,14,5,7,13,3,0,Crystal Palace,1,1,14,5,0,6,0,0,A Marriner,H,A,2
2013-08-24,Southampton,1,0,17,6,5,12,2,0,Sunderland,1,1,8,3,2,13,2,0,L Mason,D,A,1
2013-08-24,Newcastle,0,0,16,0,5,12,0,0,West Ham,0,0,6,1,4,14,1,0,P Dowd,D,D,1
2013-08-24,Aston Villa,0,0,17,3,8,9,3,0,Liverpool,1,1,5,1,2,8,3,0,M Clattenburg,A,A,0
2013-08-24,Fulham,1,0,16,7,1,10,2,0,Arsenal,3,2,18,7,8,8,2,0,H Webb,A,A,0
2013-08-24,Everton,0,0,22,8,11,14,1,0,West Brom,0,0,7,2,1,15,1,0,R East,D,D,1
2013-08-24,Hull,1,1,6,1,1,14,1,1,Norwich,0,0,13,4,5,19,1,0,M Jones,H,H,2
2013-08-25,Cardiff,3,0,9,6,3,2,0,0,Man City,2,0,16,5,8,9,0,0,L Probert,H,D,2
2013-08-25,Tottenham,1,0,19,5,8,10,1,0,Swansea,0,0,7,5,3,15,4,0,N Swarbrick,H,D,2
2013-08-26,Man United,0,0,13,3,4,9,0,0,Chelsea,0,0,8,4,1,9,2,0,M Atkinson,D,D,1
2013-08-31,Norwich,1,0,15,4,5,11,0,0,Southampton,0,0,11,2,5,15,0,0,H Webb,H,D,2
2013-08-31,West Ham,0,0,9,0,3,10,2,0,Stoke,1,0,15,5,4,12,1,0,J Moss,A,D,0
2013-08-31,Newcastle,1,0,24,9,13,13,2,0,Fulham,0,0,3,2,2,9,2,0,C Foy,H,D,2
2013-08-31,Man City,2,0,12,6,7,15,2,0,Hull,0,0,7,2,4,14,3,0,P Dowd,H,D,2
2013-08-31,Crystal Palace,3,1,17,6,6,6,1,0,Sunderland,1,0,10,2,6,6,0,1,L Probert,H,H,2
2013-08-31,Cardiff,0,0,4,1,4,11,1,0,Everton,0,0,13,3,5,9,1,0,A Taylor,D,D,1
2013-09-01,Arsenal,1,1,12,5,3,15,2,0,Tottenham,0,0,14,4,6,14,2,0,M Oliver,H,H,2
2013-09-01,Liverpool,1,1,10,5,2,15,2,0,Man United,0,0,10,4,7,15,4,0,A Marriner,H,H,2
2013-09-01,West Brom,0,0,10,1,2,10,4,0,Swansea,2,1,12,4,3,14,3,0,M Dean,A,A,0
2013-09-14,Tottenham,2,1,23,7,8,2,1,0,Norwich,0,0,4,1,1,12,3,0,L Mason,H,H,2
2013-09-14,Stoke,0,0,11,3,2,13,1,0,Man City,0,0,10,3,4,11,1,0,M Clattenburg,D,D,1
2013-09-14,Man United,2,1,19,7,10,8,1,0,Crystal Palace,0,0,4,0,1,11,2,1,J Moss,H,H,2
2013-09-14,Sunderland,1,0,17,2,6,12,1,0,Arsenal,3,1,14,6,7,10,2,0,M Atkinson,A,A,0
2013-09-14,Fulham,1,1,12,2,4,9,0,0,West Brom,1,0,12,4,5,12,1,0,L Probert,D,H,1
2013-09-14,Everton,1,1,11,5,5,10,0,0,Chelsea,0,0,22,5,7,12,4,0,H Webb,H,H,2
2013-09-14,Aston Villa,1,0,10,1,4,9,1,0,Newcastle,2,1,17,8,2,11,4,0,M Dean,A,A,0
2013-09-14,Hull,1,1,18,5,6,8,1,0,Cardiff,1,0,10,2,2,8,2,0,R Madley,D,H,1
2013-09-15,Southampton,0,0,15,5,10,12,1,0,West Ham,0,0,6,1,4,10,3,0,A Marriner,D,D,1
2013-09-16,Swansea,2,1,17,8,3,7,2,0,Liverpool,2,2,12,5,7,10,3,0,M Oliver,D,A,1
2013-09-21,Chelsea,2,0,26,10,13,11,0,0,Fulham,0,0,4,1,3,9,0,0,A Marriner,H,D,2
2013-09-21,Liverpool,0,0,10,5,6,6,0,0,Southampton,1,0,12,7,6,9,1,0,N Swarbrick,A,D,0
2013-09-21,Newcastle,2,2,15,2,3,11,1,0,Hull,3,1,12,5,3,8,1,0,M Atkinson,A,H,0
2013-09-21,Norwich,0,0,12,1,7,15,1,0,Aston Villa,1,1,16,4,4,10,0,0,C Foy,A,A,0
2013-09-21,West Brom,3,1,13,4,5,9,0,0,Sunderland,0,0,7,0,6,10,2,0,P Dowd,H,H,2
2013-09-21,West Ham,2,1,9,1,5,16,2,1,Everton,3,0,10,4,5,12,1,0,L Mason,A,H,0
2013-09-22,Man City,4,2,18,5,8,8,1,0,Man United,1,0,14,3,4,12,2,0,H Webb,H,H,2
2013-09-22,Crystal Palace,0,0,9,1,6,13,2,0,Swansea,2,1,15,7,7,9,2,0,K Friend,A,A,0
2013-09-22,Arsenal,3,2,16,8,6,8,0,0,Stoke,1,1,9,3,7,15,2,0,M Dean,H,H,2
2013-09-22,Cardiff,0,0,6,0,2,5,1,0,Tottenham,1,0,29,12,12,7,4,0,M Clattenburg,A,D,0
2013-09-28,Aston Villa,3,0,8,4,2,13,1,0,Man City,2,1,20,7,13,9,1,0,M Jones,H,A,2
2013-09-28,Fulham,1,1,9,5,11,14,1,0,Cardiff,2,1,22,4,10,13,1,0,C Pawson,A,D,0
2013-09-28,Hull,1,1,9,2,6,11,1,0,West Ham,0,0,18,5,6,12,2,0,K Friend,H,H,2
2013-09-28,Man United,1,0,14,6,5,10,3,0,West Brom,2,0,12,4,8,14,2,0,M Oliver,A,D,0
2013-09-28,Southampton,2,0,12,3,8,11,1,0,Crystal Palace,0,0,8,0,2,12,2,0,M Atkinson,H,D,2
2013-09-28,Swansea,1,0,10,3,4,5,3,0,Arsenal,2,0,10,4,3,11,2,0,M Clattenburg,A,D,0
2013-09-28,Tottenham,1,1,12,4,4,14,5,0,Chelsea,1,0,11,5,5,14,1,1,M Dean,D,H,1
2013-09-29,Stoke,0,0,8,1,7,14,2,0,Norwich,1,1,8,3,3,12,1,0,A Taylor,A,A,0
2013-09-29,Sunderland,1,0,23,5,10,8,2,0,Liverpool,3,2,15,6,8,10,1,0,H Webb,A,A,0
2013-09-30,Everton,3,3,18,7,1,5,3,0,Newcastle,2,0,15,6,1,15,1,0,P Dowd,H,H,2
2013-10-05,Man City,3,2,12,6,8,15,5,0,Everton,1,1,6,4,1,10,4,0,J Moss,H,H,2
2013-10-05,Liverpool,3,3,13,7,11,11,2,0,Crystal Palace,1,0,11,2,3,6,1,0,A Taylor,H,H,2
2013-10-05,Fulham,1,0,9,2,7,11,3,0,Stoke,0,0,16,3,5,13,2,0,R East,H,D,2
2013-10-05,Cardiff,1,0,8,2,3,11,1,0,Newcastle,2,2,20,10,3,8,0,0,K Friend,A,A,0
2013-10-05,Sunderland,1,1,6,2,4,15,2,0,Man United,2,0,13,6,4,13,4,0,C Foy,A,H,0
2013-10-05,Hull,0,0,6,1,7,7,2,0,Aston Villa,0,0,18,4,7,11,1,0,M Clattenburg,D,D,1
2013-10-06,Tottenham,0,0,14,4,6,5,0,0,West Ham,3,0,16,5,7,9,0,0,L Probert,A,D,0
2013-10-06,West Brom,1,1,12,4,6,6,1,0,Arsenal,1,0,14,5,2,11,2,0,L Mason,D,H,1
2013-10-06,Norwich,1,0,14,3,4,12,1,0,Chelsea,3,1,22,8,6,9,1,0,N Swarbrick,A,A,0
2013-10-06,Southampton,2,1,12,4,7,13,3,0,Swansea,0,0,17,7,4,8,1,0,M Dean,H,H,2
2013-10-19,West Ham,1,0,11,2,5,7,1,0,Man City,3,1,16,9,5,12,2,0,M Oliver,A,A,0
2013-10-19,Swansea,4,0,14,6,7,12,1,0,Sunderland,0,0,6,1,2,13,2,0,C Pawson,H,D,2
2013-10-19,Stoke,0,0,9,3,6,12,1,0,West Brom,0,0,12,5,6,10,0,0,H Webb,D,D,1
2013-10-19,Newcastle,2,1,14,4,3,8,2,1,Liverpool,2,1,23,7,13,10,3,0,A Marriner,D,D,1
2013-10-19,Chelsea,4,1,20,7,6,12,1,0,Cardiff,1,1,13,3,9,5,2,0,A Taylor,H,D,2
2013-10-19,Everton,2,1,14,6,5,7,3,0,Hull,1,1,9,1,7,17,1,0,N Swarbrick,H,D,2
2013-10-19,Arsenal,4,1,20,11,10,8,0,0,Norwich,1,0,12,6,1,7,0,0,L Probert,H,H,2
2013-10-19,Man United,1,1,12,5,4,10,2,0,Southampton,1,0,18,7,4,19,3,0,M Jones,D,H,1
2013-10-20,Aston Villa,0,0,15,2,4,13,3,0,Tottenham,2,1,13,6,7,12,4,0,P Dowd,A,A,0
2013-10-21,Crystal Palace,1,1,14,4,5,10,0,0,Fulham,4,2,9,6,7,13,1,0,L Mason,A,A,0
2013-10-26,Aston Villa,0,0,14,3,8,14,0,0,Everton,2,0,15,4,6,8,2,0,A Taylor,A,D,0
2013-10-26,Crystal Palace,0,0,13,4,4,12,0,0,Arsenal,2,0,10,4,3,8,0,1,C Foy,A,D,0
2013-10-26,Liverpool,4,2,18,7,3,14,0,0,West Brom,1,0,15,3,9,11,2,0,J Moss,H,H,2
2013-10-26,Man United,3,1,19,5,12,8,2,0,Stoke,2,2,10,5,2,18,6,0,L Mason,H,A,2
2013-10-26,Norwich,0,0,31,10,13,8,1,0,Cardiff,0,0,6,4,2,10,1,0,M Jones,D,D,1
2013-10-26,Southampton,2,2,20,6,10,12,0,0,Fulham,0,0,1,0,3,8,2,0,A Marriner,H,H,2
2013-10-27,Tottenham,1,0,15,6,6,13,3,0,Hull,0,0,10,4,4,10,3,0,M Oliver,H,D,2
2013-10-27,Chelsea,2,1,12,4,3,11,2,0,Man City,1,0,15,6,6,15,3,0,H Webb,H,H,2
2013-10-27,Sunderland,2,1,8,4,5,13,1,0,Newcastle,1,0,16,4,3,14,1,0,L Probert,H,H,2
2013-10-27,Swansea,0,0,10,5,9,12,1,0,West Ham,0,0,15,4,6,14,3,0,P Dowd,D,D,1
2013-11-02,West Brom,2,1,9,4,10,11,0,0,Crystal Palace,0,0,12,4,3,9,1,0,N Swarbrick,H,H,2
2013-11-02,Stoke,1,1,9,3,5,13,3,0,Southampton,1,1,10,2,5,13,1,0,C Foy,D,D,1
2013-11-02,West Ham,0,0,17,4,5,8,0,0,Aston Villa,0,0,8,2,1,15,2,0,H Webb,D,D,1
2013-11-02,Newcastle,2,0,15,8,3,13,2,0,Chelsea,0,0,13,2,8,11,2,0,L Mason,H,D,2
2013-11-02,Man City,7,4,27,9,10,6,1,0,Norwich,0,0,7,1,3,9,1,0,P Dowd,H,H,2
2013-11-02,Hull,1,1,25,2,4,17,2,0,Sunderland,0,0,9,1,2,11,0,2,A Marriner,H,H,2
2013-11-02,Fulham,1,0,15,6,4,6,2,0,Man United,3,3,10,4,4,12,1,0,L Probert,A,A,0
2013-11-02,Arsenal,2,1,12,7,3,11,2,0,Liverpool,0,0,12,4,5,7,1,0,M Atkinson,H,H,2
2013-11-03,Cardiff,1,0,9,3,6,11,1,0,Swansea,0,0,10,3,3,7,1,1,M Dean,H,D,2
2013-11-03,Everton,0,0,8,1,7,11,4,0,Tottenham,0,0,16,6,4,9,1,0,K Friend,D,D,1
2013-11-09,Norwich,3,0,15,6,4,12,1,0,West Ham,1,1,12,4,2,11,1,0,J Moss,H,A,2
2013-11-09,Liverpool,4,3,32,10,9,13,0,0,Fulham,0,0,4,1,3,9,1,0,M Jones,H,H,2
2013-11-09,Southampton,4,3,15,7,6,10,1,0,Hull,1,0,10,2,5,15,2,0,H Webb,H,H,2
2013-11-09,Chelsea,2,1,17,7,9,11,3,0,West Brom,2,0,11,3,4,15,7,0,L Probert,D,H,1
2013-11-09,Aston Villa,2,0,17,6,5,10,1,0,Cardiff,0,0,8,2,3,3,1,0,M Atkinson,H,D,2
2013-11-09,Crystal Palace,0,0,9,2,4,16,1,0,Everton,0,0,15,2,7,8,0,0,C Pawson,D,D,1
2013-11-10,Man United,1,1,5,2,5,12,2,0,Arsenal,0,0,10,2,6,11,3,0,M Oliver,H,H,2
2013-11-10,Sunderland,1,1,5,2,0,6,0,0,Man City,0,0,24,4,14,13,1,0,M Dean,H,H,2
2013-11-10,Swansea,3,0,17,6,14,12,5,0,Stoke,3,2,6,3,3,15,3,0,R Madley,D,A,1
2013-11-10,Tottenham,0,0,31,14,11,5,1,0,Newcastle,1,1,8,4,4,15,2,0,C Foy,A,A,0
2013-11-23,Stoke,2,1,17,5,3,11,2,0,Sunderland,0,0,11,3,7,5,1,1,K Friend,H,H,2
2013-11-23,Arsenal,2,1,9,4,5,10,0,0,Southampton,0,0,10,4,6,14,3,0,M Clattenburg,H,H,2
2013-11-23,Everton,3,1,18,12,6,16,4,0,Liverpool,3,2,11,5,7,15,3,0,P Dowd,D,A,1
2013-11-23,Fulham,1,0,9,3,8,11,3,0,Swansea,2,0,21,5,8,9,1,0,A Marriner,A,D,0
2013-11-23,Hull,0,0,15,2,11,8,2,0,Crystal Palace,1,0,9,2,4,11,1,1,A Taylor,A,D,0
2013-11-23,Newcastle,2,2,21,5,6,8,0,0,Norwich,1,0,10,2,5,7,1,0,M Dean,H,H,2
2013-11-23,West Ham,0,0,8,1,8,12,0,0,Chelsea,3,2,20,8,4,10,0,0,C Foy,A,A,0
2013-11-24,Man City,6,3,15,10,4,7,1,0,Tottenham,0,0,13,5,7,11,3,0,M Atkinson,H,H,2
2013-11-24,Cardiff,2,1,14,4,2,15,4,0,Man United,2,2,16,5,8,14,2,0,N Swarbrick,D,A,1
2013-11-25,West Brom,2,2,11,4,4,9,1,0,Aston Villa,2,0,15,7,2,14,2,0,M Oliver,D,H,1
2013-11-30,Aston Villa,0,0,13,4,7,14,2,0,Sunderland,0,0,7,1,6,12,1,0,N Swarbrick,D,D,1
2013-11-30,Cardiff,0,0,10,4,3,6,0,0,Arsenal,3,1,15,6,3,8,3,0,L Mason,A,A,0
2013-11-30,Everton,4,1,22,12,9,9,0,0,Stoke,0,0,4,3,3,16,3,0,M Jones,H,H,2
2013-11-30,Newcastle,2,1,14,6,3,15,1,0,West Brom,1,0,14,1,3,15,2,0,P Dowd,H,H,2
2013-11-30,Norwich,1,1,10,3,5,12,1,0,Crystal Palace,0,0,13,3,4,14,2,0,C Foy,H,H,2
2013-11-30,West Ham,3,0,23,12,6,11,3,0,Fulham,0,0,10,0,3,8,2,0,M Atkinson,H,D,2
2013-12-01,Man City,3,1,22,7,5,7,1,0,Swansea,0,0,9,4,4,8,0,0,M Clattenburg,H,H,2
2013-12-01,Chelsea,3,0,16,7,8,15,1,0,Southampton,1,1,9,1,4,14,4,0,M Oliver,H,A,2
2013-12-01,Hull,3,1,12,4,2,10,2,0,Liverpool,1,1,9,4,6,16,0,0,H Webb,H,D,2
2013-12-01,Tottenham,2,1,10,4,7,9,1,0,Man United,2,1,8,3,7,15,3,0,M Dean,D,D,1
2013-12-03,Crystal Palace,1,1,10,5,3,10,1,0,West Ham,0,0,11,2,4,9,2,0,L Mason,H,H,2
2013-12-04,Arsenal,2,1,20,7,11,9,0,0,Hull,0,0,7,2,1,6,0,0,A Marriner,H,H,2
2013-12-04,Fulham,1,0,16,6,9,7,2,0,Tottenham,2,0,18,5,7,16,1,0,M Clattenburg,A,D,0
2013-12-04,Liverpool,5,3,28,12,4,10,3,0,Norwich,1,0,14,5,0,6,1,0,A Taylor,H,H,2
2013-12-04,Man United,0,0,18,6,7,12,2,0,Everton,1,0,15,4,4,12,0,0,M Atkinson,A,D,0
2013-12-04,Southampton,2,0,21,9,8,9,3,0,Aston Villa,3,1,6,3,2,13,2,0,J Moss,A,A,0
2013-12-04,Stoke,0,0,17,2,2,11,2,0,Cardiff,0,0,14,3,5,12,2,0,M Oliver,D,D,1
2013-12-04,Sunderland,3,1,12,3,6,15,4,0,Chelsea,4,2,19,5,5,14,3,0,P Dowd,A,A,0
2013-12-04,Swansea,3,1,13,5,5,4,0,0,Newcastle,0,0,14,3,1,8,2,0,H Webb,H,H,2
2013-12-04,West Brom,2,0,12,1,3,8,1,0,Man City,3,2,15,5,3,10,1,0,C Foy,A,A,0
2013-12-07,Sunderland,1,1,11,4,4,14,2,0,Tottenham,2,1,22,5,10,9,0,0,L Mason,A,D,0
2013-12-07,West Brom,0,0,26,12,10,10,1,0,Norwich,2,1,8,3,3,6,3,0,M Clattenburg,A,A,0
2013-12-07,Stoke,3,1,9,3,5,14,4,0,Chelsea,2,1,15,6,2,8,1,0,J Moss,H,D,2
2013-12-07,Crystal Palace,2,1,19,5,8,9,0,0,Cardiff,0,0,10,2,3,12,0,0,M Jones,H,H,2
2013-12-07,Man United,0,0,8,4,4,11,0,0,Newcastle,1,0,9,3,4,18,2,0,A Marriner,A,D,0
2013-12-07,Liverpool,4,1,32,9,8,9,0,0,West Ham,1,0,8,1,4,12,3,1,M Oliver,H,H,2
2013-12-07,Southampton,1,1,15,4,5,6,0,0,Man City,1,1,13,3,4,9,2,0,A Taylor,D,D,1
2013-12-08,Arsenal,1,0,11,5,3,13,0,0,Everton,1,0,12,4,2,11,4,0,H Webb,D,D,1
2013-12-08,Fulham,2,2,22,10,4,12,0,0,Aston Villa,0,0,10,2,7,13,2,0,M Dean,H,H,2
2013-12-09,Swansea,1,0,11,2,12,8,3,0,Hull,1,1,9,2,1,7,3,0,M Atkinson,D,A,1
2013-12-14,West Ham,0,0,11,2,2,11,1,0,Sunderland,0,0,19,6,9,5,0,0,A Marriner,D,D,1
2013-12-14,Newcastle,1,1,16,5,11,10,1,0,Southampton,1,0,8,3,3,16,2,0,M Jones,D,H,1
2013-12-14,Man City,6,2,22,7,8,12,2,0,Arsenal,3,1,12,6,8,6,1,0,M Atkinson,H,H,2
2013-12-14,Hull,0,0,13,4,7,11,1,0,Stoke,0,0,11,2,5,13,0,0,M Dean,D,D,1
2013-12-14,Everton,4,1,22,7,12,10,1,0,Fulham,1,0,16,3,2,7,2,0,A Taylor,H,H,2
2013-12-14,Chelsea,2,2,16,7,3,13,2,0,Crystal Palace,1,1,10,5,1,7,1,0,M Clattenburg,H,H,2
2013-12-14,Cardiff,1,0,11,3,8,16,2,0,West Brom,0,0,12,2,6,12,1,0,H Webb,H,D,2
2013-12-15,Aston Villa,0,0,17,6,3,15,4,0,Man United,3,2,14,5,4,8,2,0,C Foy,A,A,0
2013-12-15,Norwich,1,1,16,3,8,12,0,0,Swansea,1,1,10,2,5,11,3,0,M Oliver,D,D,1
2013-12-15,Tottenham,0,0,9,0,2,17,3,1,Liverpool,5,2,21,10,9,15,0,0,J Moss,A,A,0
2013-12-21,West Brom,1,0,14,3,9,8,2,0,Hull,1,1,6,3,2,15,1,0,J Moss,D,A,1
2013-12-21,Stoke,2,0,12,2,6,13,1,0,Aston Villa,1,0,14,4,7,17,5,0,C Pawson,H,D,2
2013-12-21,Man United,3,2,21,8,8,7,1,0,West Ham,1,0,4,1,2,16,4,0,M Jones,H,H,2
2013-12-21,Sunderland,0,0,18,4,6,13,2,1,Norwich,0,0,14,5,7,10,1,0,M Atkinson,D,D,1
2013-12-21,Fulham,2,0,12,5,4,7,1,0,Man City,4,2,17,10,4,15,1,0,K Friend,A,A,0
2013-12-21,Crystal Palace,0,0,9,4,3,11,1,0,Newcastle,3,2,13,6,7,14,2,0,N Swarbrick,A,A,0
2013-12-21,Liverpool,3,3,27,7,9,11,2,0,Cardiff,1,0,10,3,5,13,0,0,L Probert,H,H,2
2013-12-22,Southampton,2,1,12,5,2,10,1,0,Tottenham,3,1,13,3,5,18,1,0,C Foy,A,D,0
2013-12-22,Swansea,1,0,13,3,4,11,1,0,Everton,2,0,14,6,8,10,0,0,L Mason,A,D,0
2013-12-23,Arsenal,0,0,7,2,8,7,2,0,Chelsea,0,0,13,4,6,11,1,0,M Dean,D,D,1
2013-12-26,West Ham,1,0,12,5,0,11,1,0,Arsenal,3,0,29,8,10,6,1,0,P Dowd,A,D,0
2013-12-26,Tottenham,1,1,20,3,12,8,3,0,West Brom,1,1,7,4,2,12,2,0,A Taylor,D,D,1
2013-12-26,Norwich,1,1,12,3,5,14,3,0,Fulham,2,1,15,7,4,10,0,0,J Moss,A,D,0
2013-12-26,Newcastle,5,1,27,8,8,10,1,0,Stoke,1,1,11,3,2,8,1,2,M Atkinson,H,D,2
2013-12-26,Man City,2,2,20,6,7,10,1,0,Liverpool,1,1,12,5,6,9,3,0,L Mason,H,H,2
2013-12-26,Everton,0,0,26,9,11,11,1,1,Sunderland,1,1,13,6,2,7,0,0,L Probert,A,A,0
2013-12-26,Chelsea,1,1,19,7,13,14,1,0,Swansea,0,0,8,1,7,9,0,0,M Jones,H,H,2
2013-12-26,Cardiff,0,0,9,0,6,11,1,0,Southampton,3,3,11,6,3,13,2,0,A Marriner,A,A,0
2013-12-26,Aston Villa,0,0,10,4,7,11,2,0,Crystal Palace,1,0,12,7,5,8,2,0,H Webb,A,D,0
2013-12-26,Hull,2,2,17,5,6,12,2,0,Man United,3,2,13,4,5,14,2,1,M Oliver,A,D,0
2013-12-28,West Ham,3,1,16,6,6,10,3,0,West Brom,3,2,22,7,5,13,2,0,M Dean,D,A,1
2013-12-28,Aston Villa,1,1,7,3,2,13,3,0,Swansea,1,1,17,3,8,9,2,0,R East,D,D,1
2013-12-28,Cardiff,2,1,16,7,6,14,3,0,Sunderland,2,0,21,9,6,10,2,0,C Foy,D,H,1
2013-12-28,Hull,6,0,21,13,6,11,0,0,Fulham,0,0,5,2,1,9,0,0,R Madley,H,D,2
2013-12-28,Man City,1,0,23,4,12,12,1,0,Crystal Palace,0,0,9,4,5,7,1,0,A Marriner,H,D,2
2013-12-28,Norwich,0,0,15,4,8,11,4,0,Man United,1,0,7,3,3,10,3,0,P Dowd,A,D,0
2013-12-29,Newcastle,0,0,11,3,4,10,0,0,Arsenal,1,0,11,5,1,8,3,0,L Probert,A,D,0
2013-12-29,Tottenham,3,1,20,7,6,6,2,0,Stoke,0,0,2,1,1,14,2,0,K Friend,H,H,2
2013-12-29,Chelsea,2,2,11,5,4,17,4,0,Liverpool,1,1,8,4,2,17,1,0,H Webb,H,H,2
2013-12-29,Everton,2,1,9,4,2,9,2,0,Southampton,1,0,12,2,3,14,4,0,M Clattenburg,H,H,2
2014-01-01,Arsenal,2,0,28,6,12,6,1,0,Cardiff,0,0,8,2,2,11,2,0,J Moss,H,D,2
2014-01-01,Crystal Palace,1,1,13,4,9,12,2,0,Norwich,1,1,8,5,4,10,1,1,M Dean,D,D,1
2014-01-01,Fulham,2,1,30,11,12,6,2,0,West Ham,1,1,11,3,4,5,1,1,M Clattenburg,H,D,2
2014-01-01,Liverpool,2,1,17,6,3,15,1,0,Hull,0,0,10,0,4,15,2,0,C Pawson,H,H,2
2014-01-01,Man United,1,0,16,6,13,7,2,0,Tottenham,2,1,9,4,2,7,1,0,H Webb,A,A,0
2014-01-01,Southampton,0,0,12,2,6,13,4,0,Chelsea,3,0,11,5,8,10,1,0,M Atkinson,A,D,0
2014-01-01,Stoke,1,0,10,4,2,16,4,0,Everton,1,0,16,4,5,11,1,0,A Marriner,D,D,1
2014-01-01,Sunderland,0,0,17,1,10,8,4,0,Aston Villa,1,1,13,5,2,11,3,0,M Jones,A,A,0
2014-01-01,Swansea,2,1,15,4,8,5,2,0,Man City,3,1,14,4,6,10,5,0,P Dowd,A,D,0
2014-01-01,West Brom,1,0,13,4,3,7,0,0,Newcastle,0,0,9,3,4,15,0,1,L Mason,H,D,2
2014-01-11,Tottenham,2,0,10,4,5,12,1,0,Crystal Palace,0,0,14,2,11,12,2,0,M Oliver,H,D,2
2014-01-11,Southampton,1,0,18,5,4,11,1,0,West Brom,0,0,4,2,4,17,2,0,H Webb,H,D,2
2014-01-11,Man United,2,0,16,5,3,9,0,0,Swansea,0,0,13,2,5,10,2,0,C Foy,H,D,2
2014-01-11,Cardiff,0,0,19,7,8,7,1,0,West Ham,2,1,10,3,7,16,3,1,L Mason,A,A,0
2014-01-11,Fulham,1,0,17,5,10,15,3,0,Sunderland,4,2,10,6,6,13,3,0,M Dean,A,A,0
2014-01-11,Everton,2,1,23,5,10,7,1,0,Norwich,0,0,12,3,5,14,2,0,K Friend,H,H,2
2014-01-11,Hull,0,0,10,2,1,12,2,0,Chelsea,2,0,14,5,7,7,1,0,M Clattenburg,A,D,0
2014-01-12,Newcastle,0,0,13,5,5,18,4,0,Man City,2,1,14,6,6,15,2,0,M Jones,A,A,0
2014-01-12,Stoke,3,2,13,4,11,10,1,0,Liverpool,5,2,13,9,2,8,1,0,A Taylor,A,D,0
2014-01-13,Aston Villa,1,0,11,5,3,12,2,0,Arsenal,2,2,8,4,5,9,2,0,N Swarbrick,A,A,0
2014-01-18,Sunderland,2,1,10,5,4,8,2,0,Southampton,2,2,17,8,7,8,0,0,C Foy,D,A,1
2014-01-18,West Ham,1,1,11,2,4,9,0,0,Newcastle,3,2,19,9,3,6,0,0,A Marriner,A,A,0
2014-01-18,Norwich,1,0,25,4,10,8,1,0,Hull,0,0,10,0,8,16,2,1,H Webb,H,D,2
2014-01-18,Arsenal,2,0,22,8,4,5,0,0,Fulham,0,0,8,2,4,7,0,0,L Probert,H,D,2
2014-01-18,Liverpool,2,1,14,6,2,14,1,0,Aston Villa,2,2,12,3,3,18,4,0,J Moss,D,A,1
2014-01-18,Crystal Palace,1,0,12,6,4,9,0,0,Stoke,0,0,17,2,3,13,2,0,M Clattenburg,H,D,2
2014-01-18,Man City,4,2,24,9,10,6,2,0,Cardiff,2,1,7,6,7,5,0,0,N Swarbrick,H,H,2
2014-01-19,Chelsea,3,2,13,6,5,15,1,0,Man United,1,0,10,4,4,21,3,1,P Dowd,H,H,2
2014-01-19,Swansea,1,0,13,3,8,6,2,0,Tottenham,3,1,11,5,2,9,1,0,M Atkinson,A,A,0
2014-01-20,West Brom,1,0,14,6,4,16,3,0,Everton,1,1,13,4,2,12,2,0,M Oliver,D,A,1
2014-01-28,Swansea,2,0,14,7,5,14,1,0,Fulham,0,0,15,4,8,9,1,0,M Oliver,H,D,2
2014-01-28,Southampton,2,1,13,5,7,11,1,0,Arsenal,2,0,7,4,5,4,1,1,L Mason,D,H,1
2014-01-28,Norwich,0,0,9,2,7,13,1,1,Newcastle,0,0,22,3,7,7,1,1,C Foy,D,D,1
2014-01-28,Liverpool,4,3,20,9,5,11,0,0,Everton,0,0,18,4,8,13,3,0,M Atkinson,H,H,2
2014-01-28,Crystal Palace,1,1,13,3,8,14,4,0,Hull,0,0,13,4,3,8,0,1,R East,H,H,2
2014-01-28,Man United,2,1,17,5,5,9,0,0,Cardiff,0,0,7,1,5,9,1,0,C Pawson,H,H,2
2014-01-29,Aston Villa,4,3,10,6,3,15,1,0,West Brom,3,3,12,4,3,10,3,0,M Clattenburg,H,D,2
2014-01-29,Chelsea,0,0,39,9,13,12,1,0,West Ham,0,0,1,1,3,11,3,0,N Swarbrick,D,D,1
2014-01-29,Sunderland,1,1,16,6,2,16,2,0,Stoke,0,0,14,5,3,15,2,1,R Madley,H,H,2
2014-01-29,Tottenham,1,0,4,2,3,11,1,1,Man City,5,1,24,10,5,10,4,0,A Marriner,A,A,0
2014-02-01,Newcastle,0,0,28,10,7,18,2,0,Sunderland,3,2,16,5,3,13,2,0,P Dowd,A,A,0
2014-02-01,Stoke,2,1,13,6,7,18,2,0,Man United,1,0,19,4,10,7,2,0,N Swarbrick,H,H,2
2014-02-01,Hull,1,1,9,4,4,13,1,0,Tottenham,1,0,19,3,10,9,1,0,A Taylor,D,H,1
2014-02-01,West Ham,2,2,11,4,8,7,1,1,Swansea,0,0,20,0,11,7,0,0,H Webb,H,H,2
2014-02-01,Everton,2,0,13,6,13,4,1,0,Aston Villa,1,1,4,1,1,18,0,0,R Madley,H,A,2
2014-02-01,Cardiff,2,0,14,5,7,8,1,0,Norwich,1,1,27,6,14,9,4,0,M Clattenburg,H,A,2
2014-02-01,Fulham,0,0,8,4,4,10,0,0,Southampton,3,0,17,5,5,9,3,0,M Jones,A,D,0
2014-02-02,Arsenal,2,0,11,6,6,9,1,0,Crystal Palace,0,0,10,2,5,14,2,0,J Moss,H,D,2
2014-02-02,West Brom,1,0,12,4,3,13,4,0,Liverpool,1,1,12,3,4,15,2,0,K Friend,D,A,1
2014-02-03,Man City,0,0,25,3,12,11,3,0,Chelsea,1,1,18,6,6,13,3,0,M Dean,A,A,0
2014-02-08,Sunderland,0,0,7,3,2,12,1,1,Hull,2,1,25,9,6,16,3,0,M Jones,A,A,0
2014-02-08,Southampton,2,2,17,5,7,7,0,0,Stoke,2,2,5,4,4,14,4,0,C Pawson,D,D,1
2014-02-08,Norwich,0,0,7,2,4,7,2,0,Man City,0,0,15,2,14,6,1,0,J Moss,D,D,1
2014-02-08,Swansea,3,0,17,6,5,7,1,0,Cardiff,0,0,7,1,1,8,1,0,A Marriner,H,D,2
2014-02-08,Crystal Palace,3,2,10,6,4,13,0,0,West Brom,1,0,16,6,7,13,3,0,C Foy,H,H,2
2014-02-08,Chelsea,3,2,18,8,6,7,0,0,Newcastle,0,0,12,6,5,10,3,0,H Webb,H,H,2
2014-02-08,Aston Villa,0,0,16,1,8,9,0,0,West Ham,2,0,10,2,10,8,2,0,M Dean,A,D,0
2014-02-08,Liverpool,5,4,22,12,6,14,1,0,Arsenal,1,0,11,6,6,14,2,0,M Oliver,H,H,2
2014-02-09,Man United,2,0,31,9,10,3,0,0,Fulham,2,1,6,3,1,6,0,0,K Friend,D,A,1
2014-02-09,Tottenham,1,0,8,2,9,9,1,0,Everton,0,0,11,3,7,13,0,0,M Clattenburg,H,D,2
2014-02-11,West Ham,2,0,12,7,5,12,1,0,Norwich,0,0,13,6,5,16,3,0,M Oliver,H,D,2
2014-02-11,West Brom,1,0,12,1,5,9,3,0,Chelsea,1,1,15,4,8,13,4,0,A Taylor,D,A,1
2014-02-11,Cardiff,0,0,12,3,7,5,0,0,Aston Villa,0,0,18,6,9,9,0,0,C Foy,D,D,1
2014-02-11,Hull,0,0,12,4,2,6,0,0,Southampton,1,0,16,7,2,8,3,0,M Atkinson,A,D,0
2014-02-12,Arsenal,0,0,17,5,5,10,1,0,Man United,0,0,6,2,5,14,2,0,M Clattenburg,D,D,1
2014-02-12,Fulham,2,1,10,3,7,7,4,0,Liverpool,3,1,21,7,5,9,3,0,P Dowd,A,D,0
2014-02-12,Newcastle,0,0,13,5,8,6,0,0,Tottenham,4,1,15,8,6,11,0,0,N Swarbrick,A,A,0
2014-02-12,Stoke,1,1,7,4,2,11,2,0,Swansea,1,0,13,3,5,12,2,0,J Moss,D,H,1
2014-02-22,West Ham,3,2,10,5,5,10,0,0,Southampton,1,1,25,5,11,8,1,0,M Clattenburg,H,H,2
2014-02-22,West Brom,1,0,16,5,8,13,3,0,Fulham,1,1,7,3,2,15,3,0,M Dean,D,A,1
2014-02-22,Man City,1,0,19,7,8,16,3,0,Stoke,0,0,7,2,3,13,1,0,C Foy,H,D,2
2014-02-22,Cardiff,0,0,23,5,9,4,1,0,Hull,4,2,12,6,2,11,1,0,H Webb,A,A,0
2014-02-22,Chelsea,1,0,25,8,8,15,1,0,Everton,0,0,8,2,8,12,2,0,L Probert,H,D,2
2014-02-22,Arsenal,4,3,12,9,7,10,0,0,Sunderland,1,0,7,3,3,11,1,0,A Marriner,H,H,2
2014-02-22,Crystal Palace,0,0,15,6,6,12,0,0,Man United,2,0,14,5,4,10,2,0,M Oliver,A,D,0
2014-02-23,Liverpool,4,3,21,10,3,9,1,0,Swansea,3,2,14,5,5,11,0,0,M Jones,H,H,2
2014-02-23,Newcastle,1,0,23,5,10,12,2,0,Aston Villa,0,0,10,2,1,10,2,0,M Atkinson,H,D,2
2014-02-23,Norwich,1,0,13,3,5,8,1,0,Tottenham,0,0,9,2,3,15,3,0,C Pawson,H,D,2
2014-03-01,Everton,1,0,22,3,11,9,1,0,West Ham,0,0,6,1,5,8,1,0,J Moss,H,D,2
2014-03-01,Fulham,1,0,7,3,5,14,2,0,Chelsea,3,0,17,8,4,13,1,0,M Clattenburg,A,D,0
2014-03-01,Hull,1,0,13,3,6,13,3,0,Newcastle,4,2,17,7,3,10,2,0,K Friend,A,A,0
2014-03-01,Southampton,0,0,13,2,3,10,1,0,Liverpool,3,1,12,5,6,6,2,0,L Probert,A,A,0
2014-03-01,Stoke,1,0,8,4,3,13,3,0,Arsenal,0,0,10,2,4,11,1,0,M Jones,H,D,2
2014-03-02,Tottenham,1,1,15,6,4,11,1,0,Cardiff,0,0,8,2,7,12,3,0,P Dowd,H,H,2
2014-03-02,Aston Villa,4,4,10,4,6,12,0,0,Norwich,1,1,7,4,2,10,3,0,A Taylor,H,H,2
2014-03-02,Swansea,1,1,7,5,1,8,1,1,Crystal Palace,1,0,7,4,4,11,4,0,M Dean,D,H,1
2014-03-08,Cardiff,3,1,19,9,7,9,1,0,Fulham,1,0,14,6,6,12,0,0,M Atkinson,H,H,2
2014-03-08,Chelsea,4,0,12,4,5,11,2,0,Tottenham,0,0,6,2,4,18,3,1,M Oliver,H,D,2
2014-03-08,Crystal Palace,0,0,6,1,8,14,1,0,Southampton,1,1,11,3,3,18,5,0,H Webb,A,A,0
2014-03-08,Norwich,1,0,13,5,3,9,0,0,Stoke,1,0,6,3,1,12,2,1,A Marriner,D,D,1
2014-03-08,West Brom,0,0,14,3,3,11,1,0,Man United,3,1,14,5,5,10,2,0,J Moss,A,A,0
2014-03-15,Swansea,1,1,15,4,4,7,1,0,West Brom,2,0,13,4,1,13,3,0,M Atkinson,A,H,0
2014-03-15,Sunderland,0,0,19,2,6,16,4,0,Crystal Palace,0,0,12,5,2,14,4,0,N Swarbrick,D,D,1
2014-03-15,Stoke,3,1,17,9,6,13,1,0,West Ham,1,1,8,2,4,13,1,0,C Pawson,H,D,2
2014-03-15,Southampton,4,1,16,6,6,11,1,0,Norwich,2,0,6,3,1,17,2,0,K Friend,H,H,2
2014-03-15,Fulham,1,0,12,3,9,11,1,0,Newcastle,0,0,12,3,7,6,0,0,H Webb,H,D,2
2014-03-15,Everton,2,0,19,6,10,10,1,0,Cardiff,1,0,10,3,5,10,3,0,R East,H,D,2
2014-03-15,Hull,0,0,15,5,3,9,2,0,Man City,2,1,8,3,4,14,2,1,L Mason,A,A,0
2014-03-15,Aston Villa,1,0,13,4,4,14,4,0,Chelsea,0,0,15,2,5,8,0,2,C Foy,H,D,2
2014-03-16,Man United,0,0,13,1,3,13,1,1,Liverpool,3,1,17,7,4,12,4,0,M Clattenburg,A,A,0
2014-03-16,Tottenham,0,0,17,2,5,18,5,0,Arsenal,1,1,7,3,2,11,3,0,M Dean,A,A,0
2014-03-22,Norwich,2,2,14,8,8,16,2,0,Sunderland,0,0,10,2,5,20,4,1,P Dowd,H,H,2
2014-03-22,Newcastle,1,0,21,8,9,4,0,0,Crystal Palace,0,0,8,1,5,8,1,0,L Probert,H,D,2
2014-03-22,Man City,5,1,22,12,13,8,0,0,Fulham,0,0,6,0,2,15,3,1,J Moss,H,H,2
2014-03-22,West Ham,0,0,10,1,12,8,2,0,Man United,2,2,16,7,7,8,1,0,L Mason,A,A,0
2014-03-22,Everton,3,1,9,6,5,9,0,0,Swansea,2,1,21,7,12,6,0,0,M Oliver,H,D,2
2014-03-22,Chelsea,6,4,21,11,7,14,0,0,Arsenal,0,0,12,5,1,8,1,1,A Marriner,H,H,2
2014-03-22,Cardiff,3,2,9,3,4,14,2,0,Liverpool,6,2,19,9,6,11,3,0,N Swarbrick,A,D,0
2014-03-22,Hull,2,2,12,5,4,18,2,0,West Brom,0,0,17,4,5,13,0,0,C Foy,H,H,2
2014-03-23,Aston Villa,1,1,12,3,5,16,5,0,Stoke,4,3,10,5,3,10,1,0,M Clattenburg,A,A,0
2014-03-23,Tottenham,3,1,15,6,7,9,1,0,Southampton,2,2,12,4,3,9,2,0,A Taylor,H,A,2
2014-03-25,Arsenal,2,0,13,4,7,11,0,0,Swansea,2,1,8,2,0,12,1,0,L Probert,D,A,1
2014-03-25,Man United,0,0,10,4,5,12,2,0,Man City,3,1,13,4,8,8,2,0,M Oliver,A,A,0
2014-03-25,Newcastle,0,0,16,3,9,8,0,0,Everton,3,1,8,6,8,10,1,0,L Mason,A,A,0
2014-03-26,Liverpool,2,1,21,7,3,5,0,0,Sunderland,1,0,12,4,4,15,2,0,K Friend,H,H,2
2014-03-26,West Ham,2,1,9,3,4,12,0,0,Hull,1,0,10,3,5,9,1,1,M Dean,H,H,2
2014-03-29,Swansea,3,2,16,7,7,15,1,0,Norwich,0,0,8,4,4,9,2,0,J Moss,H,H,2
2014-03-29,West Brom,3,2,16,6,4,12,1,0,Cardiff,3,1,11,5,1,13,1,0,M Oliver,D,H,1
2014-03-29,Stoke,1,0,15,3,8,9,2,0,Hull,0,0,5,3,1,9,0,0,N Swarbrick,H,D,2
2014-03-29,Southampton,4,1,23,11,7,5,0,0,Newcastle,0,0,5,2,5,6,1,0,A Marriner,H,H,2
2014-03-29,Man United,4,2,9,6,0,10,2,0,Aston Villa,1,1,10,1,5,16,4,0,M Atkinson,H,H,2
2014-03-29,Crystal Palace,1,0,14,4,2,10,4,0,Chelsea,0,0,21,2,13,4,1,0,L Mason,H,D,2
2014-03-29,Arsenal,1,0,10,3,6,8,1,0,Man City,1,1,15,4,6,11,4,0,M Dean,D,A,1
2014-03-30,Fulham,1,0,23,8,5,7,1,0,Everton,3,0,14,7,6,4,2,0,A Taylor,A,D,0
2014-03-30,Liverpool,4,2,11,5,5,9,0,0,Tottenham,0,0,15,4,7,9,2,0,P Dowd,H,H,2
2014-03-31,Sunderland,1,0,26,7,8,11,2,0,West Ham,2,1,11,6,3,14,4,0,H Webb,A,A,0
2014-04-05,Norwich,0,0,12,4,7,10,1,0,West Brom,1,1,8,5,3,11,0,0,M Clattenburg,A,A,0
2014-04-05,Man City,4,3,15,8,5,9,3,0,Southampton,1,1,5,1,9,15,0,0,C Foy,H,H,2
2014-04-05,Hull,1,1,8,4,7,6,0,0,Swansea,0,0,12,2,2,18,2,0,H Webb,H,H,2
2014-04-05,Newcastle,0,0,14,4,4,16,1,0,Man United,4,1,8,4,5,6,0,0,K Friend,A,A,0
2014-04-05,Cardiff,0,0,13,4,10,5,2,0,Crystal Palace,3,1,13,8,3,13,4,0,P Dowd,A,A,0
2014-04-05,Aston Villa,1,0,12,6,2,10,3,0,Fulham,2,0,16,8,7,13,2,0,M Oliver,A,D,0
2014-04-05,Chelsea,3,1,18,8,7,8,0,0,Stoke,0,0,4,2,3,18,0,0,L Probert,H,H,2
2014-04-06,Everton,3,2,14,8,3,6,1,0,Arsenal,0,0,15,5,6,5,2,0,M Atkinson,H,H,2
2014-04-06,West Ham,1,1,11,1,4,10,4,0,Liverpool,2,1,17,8,4,9,0,0,A Taylor,A,D,0
2014-04-07,Tottenham,5,1,29,11,8,12,0,0,Sunderland,1,1,8,4,2,8,2,0,L Mason,H,D,2
2014-04-12,West Brom,3,3,6,5,2,11,4,0,Tottenham,3,1,20,8,2,8,2,0,N Swarbrick,D,H,1
2014-04-12,Crystal Palace,1,0,14,4,2,7,0,0,Aston Villa,0,0,7,4,4,12,2,0,H Webb,H,D,2
2014-04-12,Fulham,1,1,14,3,8,10,1,0,Norwich,0,0,13,3,8,12,3,0,M Dean,H,H,2
2014-04-12,Southampton,0,0,19,7,5,9,0,0,Cardiff,1,0,6,4,5,7,0,0,J Moss,A,D,0
2014-04-12,Stoke,1,1,10,3,4,12,1,0,Newcastle,0,0,13,1,5,11,1,0,M Jones,H,H,2
2014-04-12,Sunderland,0,0,24,6,6,17,3,0,Everton,1,0,20,3,6,15,1,0,L Probert,A,D,0
2014-04-13,Swansea,0,0,7,4,5,8,0,1,Chelsea,1,0,26,3,12,13,2,0,P Dowd,A,D,0
2014-04-13,Liverpool,3,2,10,4,7,7,1,1,Man City,2,0,13,5,7,9,3,0,M Clattenburg,H,H,2
2014-04-15,Arsenal,3,1,14,8,4,14,2,0,West Ham,1,1,12,2,3,12,2,0,K Friend,H,D,2
2014-04-16,Everton,2,0,17,5,13,6,1,0,Crystal Palace,3,1,7,4,3,10,2,0,A Marriner,A,A,0
2014-04-16,Man City,2,1,16,4,3,14,1,0,Sunderland,2,0,11,3,6,10,2,0,M Atkinson,D,H,1
2014-04-19,Aston Villa,0,0,6,1,5,11,0,0,Southampton,0,0,3,2,3,11,2,0,L Mason,D,D,1
2014-04-19,Cardiff,1,0,13,4,12,6,2,0,Stoke,1,1,14,5,7,12,3,0,H Webb,D,A,1
2014-04-19,Chelsea,1,1,31,15,10,11,1,0,Sunderland,2,1,7,3,4,14,2,0,M Dean,A,D,0
2014-04-19,Newcastle,1,1,14,4,2,6,2,0,Swansea,2,1,10,2,8,9,0,0,C Foy,A,D,0
2014-04-19,Tottenham,3,1,14,5,4,8,0,0,Fulham,1,1,11,4,5,11,1,0,L Probert,H,D,2
2014-04-19,West Ham,0,0,13,4,3,7,1,0,Crystal Palace,1,0,11,3,11,16,1,0,M Atkinson,A,D,0
2014-04-20,Norwich,2,0,13,5,8,16,3,0,Liverpool,3,2,14,6,3,10,2,0,A Marriner,A,A,0
2014-04-20,Hull,0,0,13,4,7,10,1,0,Arsenal,3,2,12,6,0,7,1,0,J Moss,A,A,0
2014-04-20,Everton,2,2,17,5,6,9,2,0,Man United,0,0,9,2,5,8,2,0,M Clattenburg,H,H,2
2014-04-21,Man City,3,3,19,6,8,9,1,0,West Brom,1,1,10,3,2,7,1,0,P Dowd,H,H,2
2014-04-26,Fulham,2,0,10,3,7,8,1,0,Hull,2,0,8,4,2,7,3,0,L Mason,D,D,1
2014-04-26,Man United,4,1,25,11,5,13,1,0,Norwich,0,0,9,2,3,9,1,0,L Probert,H,H,2
2014-04-26,Southampton,2,2,14,4,4,13,0,0,Everton,0,0,9,2,7,12,2,0,M Oliver,H,H,2
2014-04-26,Stoke,0,0,17,3,4,11,1,1,Tottenham,1,1,16,4,3,6,2,0,A Marriner,A,A,0
2014-04-26,Swansea,4,2,11,8,9,9,1,0,Aston Villa,1,1,11,3,6,12,3,0,M Clattenburg,H,H,2
2014-04-26,West Brom,1,1,19,6,7,14,0,0,West Ham,0,0,9,3,6,8,1,0,M Dean,H,H,2
2014-04-27,Crystal Palace,0,0,3,2,4,9,3,0,Man City,2,2,16,6,8,10,1,0,H Webb,A,A,0
2014-04-27,Liverpool,0,0,26,8,14,9,0,0,Chelsea,2,1,11,4,3,7,4,0,M Atkinson,A,A,0
2014-04-27,Sunderland,4,2,21,7,11,10,5,0,Cardiff,0,0,6,1,5,11,3,1,P Dowd,H,H,2
2014-04-28,Arsenal,3,2,20,8,14,9,3,0,Newcastle,0,0,8,3,0,8,2,0,N Swarbrick,H,H,2
2014-05-03,Aston Villa,3,3,15,9,8,14,0,0,Hull,1,1,7,2,5,9,0,0,M Dean,H,H,2
2014-05-03,Everton,2,1,9,4,4,3,0,0,Man City,3,2,18,6,3,9,3,0,L Probert,A,A,0
2014-05-03,Man United,0,0,17,2,8,11,2,0,Sunderland,1,1,8,1,0,12,1,0,H Webb,A,A,0
2014-05-03,Newcastle,3,1,22,6,10,9,1,0,Cardiff,0,0,16,3,6,6,0,0,M Atkinson,H,H,2
2014-05-03,Stoke,4,1,23,8,3,9,0,0,Fulham,1,0,10,2,5,13,2,0,C Foy,H,H,2
2014-05-03,Swansea,0,0,12,3,3,11,1,0,Southampton,1,0,18,4,5,5,1,0,A Taylor,A,D,0
2014-05-03,West Ham,2,2,20,8,10,10,0,0,Tottenham,0,0,12,3,6,16,4,1,P Dowd,H,H,2
2014-05-04,Arsenal,1,1,15,4,9,9,2,0,West Brom,0,0,11,1,10,6,2,0,M Jones,H,H,2
2014-05-04,Chelsea,0,0,23,4,5,9,1,0,Norwich,0,0,6,3,2,17,3,0,N Swarbrick,D,D,1
2014-05-05,Crystal Palace,3,0,10,6,7,7,2,0,Liverpool,3,1,26,9,7,12,3,0,M Clattenburg,D,A,1
2014-05-06,Man United,3,1,18,7,8,13,1,0,Hull,1,0,2,2,0,9,1,0,C Pawson,H,H,2
2014-05-07,Sunderland,2,2,10,4,5,14,0,0,West Brom,0,0,13,3,0,12,0,0,L Mason,H,H,2
2014-05-07,Man City,4,0,18,9,7,8,1,0,Aston Villa,0,0,5,0,2,9,2,0,M Oliver,H,D,2
2014-05-11,Cardiff,1,1,10,4,3,7,1,0,Chelsea,2,0,28,7,8,9,2,0,M Oliver,A,H,0
2014-05-11,Fulham,2,0,15,5,6,11,3,0,Crystal Palace,2,1,15,6,4,15,1,0,K Friend,D,A,1
2014-05-11,Hull,0,0,12,3,6,8,0,0,Everton,2,1,11,4,4,8,1,0,H Webb,A,A,0
2014-05-11,Liverpool,2,0,13,5,6,8,1,0,Newcastle,1,1,8,2,2,16,3,2,P Dowd,H,A,2
2014-05-11,Man City,2,1,28,7,12,7,2,0,West Ham,0,0,3,0,1,9,2,0,M Atkinson,H,H,2
2014-05-11,Norwich,0,0,11,5,4,6,1,0,Arsenal,2,0,14,8,4,5,0,0,L Mason,A,D,0
2014-05-11,Southampton,1,1,15,6,6,16,3,0,Man United,1,0,8,2,2,5,2,0,M Dean,D,H,1
2014-05-11,Sunderland,1,0,20,4,6,14,2,0,Swansea,3,2,8,4,3,15,3,0,C Foy,A,A,0
2014-05-11,Tottenham,3,3,12,6,5,11,1,0,Aston Villa,0,0,4,1,1,11,0,0,J Moss,H,H,2
2014-05-11,West Brom,1,0,17,4,11,4,0,0,Stoke,2,1,15,4,6,7,0,0,L Probert,A,A,0
