Date,HomeTeam,FTHG,HTHG,HS,HST,HC,HF,HY,HR,AwayTeam,FTAG,HTAG,AS,AST,AC,AF,AY,AR,Referee,FTR,HTR,HomePointsBefore,AwayPointsBefore,HomeLeaguePosBefore,AwayLeaguePosBefore,ResultNum
2015-08-08,Bournemouth,0,0,11,2,6,13,3,0,Aston Villa,1,0,7,3,3,13,4,0,M Clattenburg,A,D,0.0,0.0,3.0,2.0,0
2015-08-08,Chelsea,2,2,11,3,4,15,1,1,Swansea,2,1,18,10,8,16,3,0,M Oliver,D,H,0.0,0.0,3.0,15.0,1
2015-08-08,Everton,2,0,10,5,8,7,1,0,Watford,2,1,11,5,2,13,2,0,M Jones,D,A,0.0,0.0,6.0,17.0,1
2015-08-08,Leicester,4,3,19,8,6,13,2,0,Sunderland,2,0,10,5,3,17,4,0,L Mason,H,H,0.0,0.0,8.0,16.0,2
2015-08-08,Man United,1,1,9,1,1,12,2,0,Tottenham,0,0,9,4,2,12,3,0,J Moss,H,H,0.0,0.0,11.0,16.0,2
2015-08-08,Norwich,1,0,17,6,1,14,1,0,Crystal Palace,3,1,11,7,4,20,0,0,S Hooper,A,A,0.0,0.0,13.0,9.0,0
2015-08-09,Arsenal,0,0,22,6,5,12,1,0,West Ham,2,1,8,4,4,9,3,0,M Atkinson,A,A,0.0,0.0,9.0,16.0,0
2015-08-09,Newcastle,2,1,9,4,6,9,2,0,Southampton,2,1,15,5,6,12,4,0,C Pawson,D,D,0.0,0.0,12.0,13.0,1
2015-08-09,Stoke,0,0,7,1,3,9,2,0,Liverpool,1,0,8,3,5,16,4,0,A Taylor,A,D,0.0,0.0,14.0,12.0,0
2015-08-10,West Brom,0,0,9,2,6,12,4,0,Man City,3,2,19,7,6,9,1,0,M Dean,A,A,0.0,0.0,14.0,13.0,0
2015-08-14,Aston Villa,0,0,5,1,3,14,2,0,Man United,1,1,9,2,5,10,2,0,M Dean,A,A,3.0,3.0,5.0,7.0,0
2015-08-15,West Ham,1,0,10,3,8,11,1,1,Leicester,2,2,11,6,4,12,3,0,A Taylor,A,A,3.0,3.0,5.0,3.0,0
2015-08-15,Watford,0,0,16,5,2,13,1,0,West Brom,0,0,6,0,4,10,2,0,P Tierney,D,D,1.0,0.0,13.0,20.0,1
2015-08-15,Tottenham,2,2,13,7,4,15,2,0,Stoke,2,0,16,7,3,11,2,0,R Madley,D,H,0.0,0.0,17.0,16.0,1
2015-08-15,Southampton,0,0,17,4,9,11,4,0,Everton,3,2,10,4,9,10,2,0,M Oliver,A,A,1.0,1.0,12.0,10.0,0
2015-08-15,Sunderland,1,0,6,2,6,7,1,0,Norwich,3,2,19,6,6,7,2,0,K Friend,A,A,0.0,0.0,18.0,19.0,0
2015-08-15,Swansea,2,1,19,6,4,11,2,0,Newcastle,0,0,4,2,4,8,1,1,M Jones,H,H,1.0,1.0,13.0,12.0,2
2015-08-16,Crystal Palace,1,1,11,4,6,14,1,0,Arsenal,2,1,20,7,6,12,1,0,L Mason,A,D,3.0,0.0,6.0,19.0,0
2015-08-16,Man City,3,1,18,8,5,19,4,0,Chelsea,0,0,10,3,1,13,2,0,M Atkinson,H,H,3.0,1.0,5.0,13.0,2
2015-08-17,Liverpool,1,1,18,2,6,11,1,0,Bournemouth,0,0,13,2,8,18,4,0,C Pawson,H,H,3.0,0.0,8.0,19.0,2
2015-08-22,Sunderland,1,0,10,2,3,16,4,0,Swansea,1,1,20,9,4,9,2,0,N Swarbrick,D,A,0.0,4.0,20.0,6.0,1
2015-08-22,West Ham,3,0,10,4,5,8,0,1,Bournemouth,4,2,15,7,4,11,0,0,J Moss,A,A,3.0,0.0,8.0,20.0,0
2015-08-22,Norwich,1,1,21,7,9,16,4,0,Stoke,1,1,6,1,0,5,1,0,M Dean,D,D,3.0,1.0,9.0,14.0,1
2015-08-22,Leicester,1,0,13,2,2,7,1,0,Tottenham,1,0,19,6,7,14,4,0,M Atkinson,D,D,6.0,1.0,2.0,15.0,1
2015-08-22,Crystal Palace,2,0,16,6,6,12,3,0,Aston Villa,1,0,11,2,4,15,3,0,K Stroud,H,D,3.0,3.0,8.0,10.0,2
2015-08-22,Man United,0,0,20,8,11,15,2,0,Newcastle,0,0,7,0,5,11,2,0,C Pawson,D,D,6.0,1.0,5.0,16.0,1
2015-08-23,Everton,0,0,10,1,8,5,0,0,Man City,2,0,16,9,7,7,3,0,A Taylor,A,D,4.0,6.0,7.0,3.0,0
2015-08-23,Watford,0,0,13,0,5,10,0,0,Southampton,0,0,14,5,2,11,2,0,A Marriner,D,D,2.0,1.0,13.0,18.0,1
2015-08-23,West Brom,2,1,15,6,8,9,2,0,Chelsea,3,3,15,5,7,12,1,1,M Clattenburg,A,A,1.0,1.0,19.0,18.0,0
2015-08-24,Arsenal,0,0,19,5,7,2,1,0,Liverpool,0,0,15,8,8,13,4,0,M Oliver,D,D,3.0,6.0,13.0,5.0,1
2015-08-29,Liverpool,0,0,13,1,5,17,3,1,West Ham,3,2,12,5,7,11,1,1,K Friend,A,A,7.0,3.0,3.0,11.0,0
2015-08-29,Aston Villa,2,2,21,6,5,10,2,0,Sunderland,2,1,7,3,4,14,1,0,R Madley,D,H,3.0,1.0,14.0,19.0,1
2015-08-29,Bournemouth,1,1,5,2,4,9,2,0,Leicester,1,0,4,2,4,19,4,0,N Swarbrick,D,H,3.0,7.0,14.0,2.0,1
2015-08-29,Chelsea,1,0,26,9,7,9,1,0,Crystal Palace,2,0,13,6,7,15,1,0,C Pawson,A,D,4.0,6.0,13.0,6.0,0
2015-08-29,Man City,2,0,18,5,9,9,1,0,Watford,0,0,7,0,3,12,2,0,M Clattenburg,H,D,9.0,3.0,1.0,14.0,2
2015-08-29,Newcastle,0,0,1,0,0,15,6,1,Arsenal,1,0,22,9,9,8,1,0,A Marriner,A,D,2.0,4.0,17.0,12.0,0
2015-08-29,Stoke,0,0,13,5,6,4,1,2,West Brom,1,1,15,5,5,9,4,0,M Oliver,A,A,2.0,1.0,15.0,20.0,0
2015-08-29,Tottenham,0,0,20,6,6,20,4,0,Everton,0,0,8,3,2,9,1,0,M Jones,D,D,2.0,4.0,16.0,9.0,1
2015-08-30,Southampton,3,1,23,8,6,4,0,0,Norwich,0,0,6,1,4,12,0,1,J Moss,H,H,2.0,4.0,19.0,10.0,2
2015-08-30,Swansea,2,0,9,4,0,6,2,0,Man United,1,0,11,4,1,15,2,0,M Atkinson,H,D,5.0,7.0,8.0,4.0,2
2015-09-12,Norwich,3,1,12,4,4,10,2,0,Bournemouth,1,0,7,2,4,11,3,0,M Atkinson,H,H,4.0,4.0,14.0,11.0,2
2015-09-12,West Brom,0,0,8,1,4,5,1,0,Southampton,0,0,14,4,5,5,0,0,S Attwell,D,D,4.0,5.0,15.0,11.0,1
2015-09-12,Man United,3,0,9,3,4,6,1,0,Liverpool,1,0,8,4,4,11,2,0,M Oliver,H,D,7.0,7.0,5.0,8.0,2
2015-09-12,Watford,1,0,17,6,1,11,1,1,Swansea,0,0,8,3,3,14,1,0,R Madley,H,D,3.0,8.0,17.0,5.0,2
2015-09-12,Crystal Palace,0,0,10,2,4,13,2,0,Man City,1,0,21,7,4,13,3,0,M Jones,A,D,9.0,12.0,3.0,1.0,0
2015-09-12,Everton,3,2,14,9,7,12,2,0,Chelsea,1,1,15,2,14,12,2,0,A Marriner,H,H,5.0,4.0,12.0,16.0,2
2015-09-12,Arsenal,2,1,29,12,13,6,1,0,Stoke,0,0,9,4,1,13,1,0,J Moss,H,H,7.0,2.0,7.0,18.0,2
2015-09-13,Leicester,3,0,21,6,4,8,2,0,Aston Villa,2,1,11,4,5,13,1,0,M Dean,H,A,8.0,4.0,6.0,14.0,2
2015-09-13,Sunderland,0,0,12,2,6,11,2,0,Tottenham,1,0,15,4,8,12,1,0,C Pawson,A,D,2.0,3.0,19.0,17.0,0
2015-09-14,West Ham,2,1,17,3,6,8,0,0,Newcastle,0,0,14,4,7,11,2,0,A Taylor,H,H,6.0,2.0,10.0,18.0,2
2015-09-19,Swansea,0,0,12,3,2,12,2,0,Everton,0,0,17,2,4,11,2,1,S Attwell,D,D,8.0,8.0,8.0,7.0,1
2015-09-19,Stoke,2,2,11,4,3,7,1,0,Leicester,2,0,12,5,4,12,4,0,A Marriner,D,H,2.0,11.0,18.0,2.0,1
2015-09-19,Newcastle,1,0,15,5,5,8,1,0,Watford,2,2,13,4,5,12,2,0,R East,A,A,2.0,6.0,20.0,13.0,0
2015-09-19,Man City,1,1,27,8,16,10,1,0,West Ham,2,2,6,3,3,7,2,0,R Madley,A,A,15.0,9.0,1.0,5.0,0
2015-09-19,Chelsea,2,0,22,7,5,12,3,0,Arsenal,0,0,9,2,5,11,1,2,M Dean,H,D,4.0,10.0,17.0,5.0,2
2015-09-19,Bournemouth,2,2,15,5,7,14,2,0,Sunderland,0,0,9,2,3,15,4,1,K Friend,H,H,4.0,2.0,17.0,19.0,2
2015-09-19,Aston Villa,0,0,13,3,2,10,2,0,West Brom,1,1,11,6,7,11,3,0,M Atkinson,A,A,4.0,5.0,17.0,16.0,0
2015-09-20,Liverpool,1,0,23,7,6,4,1,0,Norwich,1,0,7,2,2,13,2,0,A Taylor,D,D,7.0,7.0,14.0,12.0,1
2015-09-20,Southampton,2,1,15,8,5,6,2,0,Man United,3,1,10,3,5,13,0,0,M Clattenburg,A,D,6.0,10.0,15.0,4.0,0
2015-09-20,Tottenham,1,0,22,6,6,9,1,0,Crystal Palace,0,0,12,4,5,11,2,0,M Oliver,H,D,6.0,9.0,15.0,7.0,2
2015-09-26,Tottenham,4,1,15,8,5,17,5,0,Man City,1,1,22,8,9,6,1,0,M Clattenburg,H,D,9.0,15.0,9.0,1.0,2
2015-09-26,Stoke,2,1,8,5,3,13,1,0,Bournemouth,1,0,11,6,7,11,0,0,L Mason,H,H,3.0,7.0,18.0,14.0,2
2015-09-26,Southampton,3,1,18,7,4,18,3,0,Swansea,1,0,11,4,3,14,1,0,R East,H,H,6.0,9.0,16.0,8.0,2
2015-09-26,West Ham,2,1,19,7,7,7,0,0,Norwich,2,1,16,7,5,17,0,0,M Dean,D,D,12.0,8.0,3.0,12.0,1
2015-09-26,Man United,3,1,12,7,5,12,0,0,Sunderland,0,0,9,4,2,17,3,0,M Jones,H,H,13.0,2.0,3.0,20.0,2
2015-09-26,Liverpool,3,1,21,12,11,8,0,0,Aston Villa,2,0,10,4,1,13,0,0,J Moss,H,H,8.0,4.0,14.0,18.0,2
2015-09-26,Leicester,2,1,16,7,6,9,1,0,Arsenal,5,2,26,12,5,12,1,0,C Pawson,A,A,12.0,10.0,4.0,7.0,0
2015-09-26,Newcastle,2,1,11,5,4,12,1,0,Chelsea,2,0,16,4,6,15,2,0,M Atkinson,D,H,2.0,7.0,19.0,16.0,1
2015-09-27,Watford,0,0,15,2,6,17,4,0,Crystal Palace,1,0,16,3,4,22,4,0,A Taylor,A,D,9.0,9.0,12.0,10.0,0
2015-09-28,West Brom,2,1,9,4,6,9,0,0,Everton,3,0,12,4,4,8,3,0,R Madley,A,H,8.0,9.0,14.0,9.0,0
2015-10-03,Aston Villa,0,0,13,2,9,12,1,0,Stoke,1,0,12,5,5,12,0,0,M Jones,A,D,4.0,6.0,18.0,17.0,0
2015-10-03,Bournemouth,1,1,12,6,5,8,1,0,Watford,1,1,11,2,3,13,1,0,M Oliver,D,D,7.0,9.0,17.0,13.0,1
2015-10-03,Chelsea,1,1,10,3,4,14,2,0,Southampton,3,1,13,5,6,14,5,0,R Madley,A,D,8.0,9.0,16.0,11.0,0
2015-10-03,Crystal Palace,2,0,21,8,8,14,3,0,West Brom,0,0,7,2,3,13,3,0,J Moss,H,D,12.0,8.0,8.0,16.0,2
2015-10-03,Man City,6,1,23,11,6,13,3,0,Newcastle,1,1,6,4,3,8,1,0,K Friend,H,D,15.0,3.0,2.0,19.0,2
2015-10-03,Norwich,1,0,17,2,16,4,0,0,Leicester,2,1,16,5,8,4,1,0,M Clattenburg,A,A,9.0,12.0,13.0,9.0,0
2015-10-03,Sunderland,2,2,12,3,1,14,2,1,West Ham,2,1,20,6,8,11,4,0,N Swarbrick,D,H,2.0,13.0,20.0,5.0,1
2015-10-04,Swansea,2,2,11,2,5,8,1,0,Tottenham,2,1,19,11,6,19,4,0,M Dean,D,H,9.0,12.0,12.0,8.0,1
2015-10-04,Arsenal,3,3,12,5,3,8,1,0,Man United,0,0,9,5,6,17,3,0,A Taylor,H,H,13.0,16.0,7.0,2.0,2
2015-10-04,Everton,1,1,14,4,5,10,3,0,Liverpool,1,1,13,4,11,19,3,0,M Atkinson,D,D,12.0,11.0,8.0,10.0,1
2015-10-17,Chelsea,2,1,9,3,4,22,1,0,Aston Villa,0,0,8,1,4,17,3,0,R East,H,H,8.0,4.0,16.0,18.0,2
2015-10-17,Crystal Palace,1,1,6,1,1,9,1,1,West Ham,3,1,24,4,9,11,3,0,M Clattenburg,A,D,15.0,14.0,4.0,6.0,0
2015-10-17,Everton,0,0,12,3,5,12,2,0,Man United,3,2,10,7,3,14,2,0,J Moss,A,A,13.0,16.0,7.0,4.0,0
2015-10-17,Man City,5,4,15,11,1,11,2,0,Bournemouth,1,1,5,1,7,5,1,0,M Dean,H,H,18.0,8.0,2.0,16.0,2
2015-10-17,Southampton,2,2,14,6,6,16,2,0,Leicester,2,0,26,7,7,10,0,0,P Tierney,D,H,12.0,15.0,9.0,5.0,1
2015-10-17,Tottenham,0,0,13,4,8,15,1,0,Liverpool,0,0,12,3,6,11,2,0,C Pawson,D,D,13.0,12.0,7.0,10.0,1
2015-10-17,Watford,0,0,8,1,3,11,2,0,Arsenal,3,0,17,6,9,12,1,0,M Jones,A,D,10.0,16.0,13.0,4.0,0
2015-10-17,West Brom,1,0,8,1,1,12,2,0,Sunderland,0,0,9,2,5,13,2,0,M Atkinson,H,D,8.0,3.0,16.0,19.0,2
2015-10-18,Newcastle,6,3,11,6,3,10,1,0,Norwich,2,2,18,6,7,10,1,0,A Taylor,H,H,3.0,9.0,20.0,15.0,2
2015-10-19,Swansea,0,0,14,2,1,6,2,0,Stoke,1,1,9,2,2,14,2,0,R Madley,A,A,10.0,9.0,13.0,15.0,0
2015-10-24,West Ham,2,1,12,5,7,10,1,0,Chelsea,1,0,8,4,4,12,5,1,J Moss,H,H,17.0,11.0,4.0,12.0,2
2015-10-24,Norwich,0,0,16,3,13,11,1,0,West Brom,1,0,7,4,3,6,2,0,K Friend,A,D,9.0,11.0,16.0,13.0,0
2015-10-24,Stoke,0,0,12,1,11,10,3,0,Watford,2,1,13,3,5,18,1,0,M Atkinson,A,A,12.0,10.0,12.0,15.0,0
2015-10-24,Aston Villa,1,0,9,3,4,10,2,0,Swansea,2,0,11,4,6,8,3,0,N Swarbrick,A,D,4.0,10.0,19.0,15.0,0
2015-10-24,Leicester,1,0,12,3,3,7,3,0,Crystal Palace,0,0,9,4,2,11,1,0,M Dean,H,D,16.0,15.0,5.0,6.0,2
2015-10-24,Arsenal,2,2,20,5,7,11,2,0,Everton,1,1,10,5,5,14,0,1,L Mason,H,H,19.0,13.0,3.0,10.0,2
2015-10-25,Bournemouth,1,1,11,3,4,8,0,0,Tottenham,5,3,14,9,5,15,1,0,R East,A,A,8.0,14.0,17.0,7.0,0
2015-10-25,Liverpool,1,0,15,2,10,8,1,0,Southampton,1,0,8,3,7,11,0,1,A Marriner,D,D,13.0,13.0,12.0,9.0,1
2015-10-25,Man United,0,0,6,1,6,17,2,0,Man City,0,0,6,1,4,13,2,0,M Clattenburg,D,D,19.0,21.0,4.0,2.0,1
2015-10-25,Sunderland,3,1,9,3,1,12,0,0,Newcastle,0,0,21,8,10,10,2,1,R Madley,H,H,3.0,6.0,20.0,18.0,2
2015-10-31,West Brom,2,1,14,6,6,3,0,0,Leicester,3,0,13,5,4,11,2,0,A Taylor,A,H,14.0,19.0,10.0,5.0,0
2015-10-31,Swansea,0,0,8,3,4,12,2,0,Arsenal,3,0,15,5,4,7,0,0,K Friend,A,D,13.0,22.0,12.0,2.0,0
2015-10-31,Newcastle,0,0,15,6,11,6,1,0,Stoke,0,0,9,2,4,16,3,0,R East,D,D,6.0,12.0,19.0,14.0,1
2015-10-31,Watford,2,1,20,5,7,16,3,0,West Ham,0,0,8,3,2,12,0,1,K Stroud,H,H,13.0,20.0,12.0,4.0,2
2015-10-31,Crystal Palace,0,0,10,5,7,12,3,0,Man United,0,0,5,1,3,15,3,0,M Jones,D,D,15.0,20.0,8.0,5.0,1
2015-10-31,Chelsea,1,1,8,2,1,9,1,0,Liverpool,3,1,16,7,7,21,4,0,M Clattenburg,A,D,11.0,14.0,15.0,10.0,0
2015-10-31,Man City,2,0,21,5,12,4,2,0,Norwich,1,0,5,3,4,13,2,1,R Madley,H,D,22.0,9.0,2.0,16.0,2
2015-11-01,Everton,6,2,15,8,6,6,3,0,Sunderland,2,1,17,9,1,5,2,0,A Marriner,H,H,13.0,6.0,12.0,19.0,2
2015-11-01,Southampton,2,2,11,2,4,5,0,1,Bournemouth,0,0,16,2,6,5,2,0,C Pawson,H,H,14.0,8.0,11.0,17.0,2
2015-11-02,Tottenham,3,2,17,6,4,6,0,0,Aston Villa,1,0,13,2,3,15,3,0,M Dean,H,H,17.0,4.0,6.0,20.0,2
2015-11-07,West Ham,1,1,16,5,3,11,1,0,Everton,1,1,13,4,5,12,2,0,P Tierney,D,D,20.0,16.0,6.0,9.0,1
2015-11-07,Bournemouth,0,0,20,5,16,9,2,0,Newcastle,1,1,2,1,0,11,2,0,L Mason,A,A,8.0,7.0,17.0,18.0,0
2015-11-07,Leicester,2,0,12,6,4,10,0,0,Watford,1,0,8,4,2,10,1,0,R East,H,D,22.0,16.0,3.0,11.0,2
2015-11-07,Man United,2,0,13,3,5,11,1,0,West Brom,0,0,4,0,1,10,3,1,M Dean,H,D,21.0,14.0,5.0,12.0,2
2015-11-07,Norwich,1,0,9,5,5,12,1,0,Swansea,0,0,8,0,2,7,0,0,M Clattenburg,H,D,9.0,13.0,17.0,13.0,2
2015-11-07,Stoke,1,0,8,2,1,13,3,0,Chelsea,0,0,19,4,9,10,1,0,A Taylor,H,D,13.0,11.0,13.0,16.0,2
2015-11-07,Sunderland,0,0,9,3,10,3,1,0,Southampton,1,0,11,4,11,7,3,0,M Jones,A,D,6.0,17.0,19.0,7.0,0
2015-11-08,Liverpool,1,1,22,4,14,7,1,0,Crystal Palace,2,1,9,4,6,6,2,0,N Swarbrick,A,D,17.0,16.0,9.0,10.0,0
2015-11-08,Aston Villa,0,0,3,0,3,7,1,0,Man City,0,0,13,3,8,7,1,0,C Pawson,D,D,4.0,25.0,20.0,1.0,1
2015-11-08,Arsenal,1,0,10,4,7,12,0,0,Tottenham,1,1,14,4,6,17,1,0,M Atkinson,D,A,25.0,20.0,2.0,6.0,1
2015-11-21,Chelsea,1,0,21,7,6,4,1,0,Norwich,0,0,4,2,5,12,4,0,C Pawson,H,D,11.0,12.0,16.0,15.0,2
2015-11-21,Everton,4,3,16,9,2,6,0,0,Aston Villa,0,0,10,3,3,9,0,0,M Oliver,H,H,17.0,5.0,9.0,20.0,2
2015-11-21,Man City,1,1,11,3,11,5,0,0,Liverpool,4,3,14,9,5,13,3,0,J Moss,A,A,26.0,17.0,1.0,10.0,0
2015-11-21,Newcastle,0,0,9,1,4,9,4,0,Leicester,3,1,18,7,9,12,1,0,M Jones,A,A,10.0,25.0,17.0,3.0,0
2015-11-21,Southampton,0,0,16,1,7,8,2,0,Stoke,1,1,16,4,3,8,0,0,L Mason,A,A,20.0,16.0,8.0,12.0,0
2015-11-21,Swansea,2,2,11,4,4,7,3,0,Bournemouth,2,2,16,4,5,9,2,0,A Marriner,D,D,13.0,8.0,15.0,18.0,1
2015-11-21,Watford,1,0,10,5,4,6,1,0,Man United,2,1,13,6,10,12,2,0,R Madley,A,A,16.0,24.0,12.0,4.0,0
2015-11-21,West Brom,2,2,4,1,3,14,3,0,Arsenal,1,1,11,3,5,10,2,0,M Clattenburg,H,H,14.0,26.0,15.0,4.0,2
2015-11-22,Tottenham,4,2,22,12,7,13,2,0,West Ham,1,0,10,4,6,9,2,0,A Taylor,H,H,21.0,21.0,5.0,6.0,2
2015-11-23,Crystal Palace,0,0,19,7,11,18,1,0,Sunderland,1,0,12,4,2,11,3,0,M Atkinson,A,D,19.0,6.0,10.0,19.0,0
2015-11-28,Sunderland,2,0,18,5,9,4,0,0,Stoke,0,0,7,3,5,10,2,1,M Dean,H,D,9.0,19.0,18.0,11.0,2
2015-11-28,Man City,3,2,16,9,6,14,2,0,Southampton,1,0,12,8,4,11,1,0,R East,H,H,26.0,20.0,3.0,8.0,2
2015-11-28,Leicester,1,1,7,3,1,5,0,0,Man United,1,1,10,2,8,7,1,0,C Pawson,D,D,28.0,27.0,2.0,3.0,1
2015-11-28,Bournemouth,3,0,19,10,10,6,2,0,Everton,3,2,11,6,5,6,0,0,K Friend,D,A,9.0,20.0,19.0,7.0,1
2015-11-28,Aston Villa,2,1,12,6,10,6,2,0,Watford,3,1,14,6,10,13,3,0,L Mason,A,D,5.0,16.0,20.0,13.0,0
2015-11-28,Crystal Palace,5,3,19,8,7,7,1,0,Newcastle,1,1,7,2,5,13,1,0,S Attwell,H,H,19.0,10.0,10.0,18.0,2
2015-11-29,Liverpool,1,0,10,2,8,12,3,0,Swansea,0,0,8,0,7,6,1,0,A Taylor,H,D,20.0,14.0,10.0,14.0,2
2015-11-29,Norwich,1,1,7,2,3,8,1,0,Arsenal,1,1,12,3,6,6,1,0,J Moss,D,D,12.0,26.0,16.0,4.0,1
2015-11-29,Tottenham,0,0,9,4,4,14,4,0,Chelsea,0,0,5,1,4,9,2,0,M Oliver,D,D,24.0,14.0,5.0,15.0,1
2015-11-29,West Ham,1,1,17,6,5,15,0,0,West Brom,1,0,7,3,2,16,2,0,M Atkinson,D,H,21.0,17.0,9.0,13.0,1
2015-12-05,Swansea,0,0,10,2,3,3,2,0,Leicester,3,2,16,5,8,19,3,0,M Oliver,A,A,14.0,29.0,15.0,2.0,0
2015-12-05,West Brom,1,1,11,4,3,13,3,0,Tottenham,1,1,9,3,6,10,2,0,J Moss,D,D,18.0,25.0,13.0,5.0,1
2015-12-05,Watford,2,1,14,7,4,11,3,0,Norwich,0,0,6,1,1,10,3,0,M Dean,H,H,19.0,13.0,11.0,16.0,2
2015-12-05,Stoke,2,2,7,4,1,9,0,0,Man City,0,0,11,4,6,10,1,0,M Atkinson,H,H,19.0,29.0,12.0,2.0,2
2015-12-05,Arsenal,3,1,16,7,3,7,1,0,Sunderland,1,1,11,4,2,11,1,0,R Madley,H,D,27.0,12.0,4.0,17.0,2
2015-12-05,Man United,0,0,21,1,6,9,1,0,West Ham,0,0,9,2,2,13,0,0,M Clattenburg,D,D,28.0,22.0,4.0,8.0,1
2015-12-05,Chelsea,0,0,19,6,11,10,2,0,Bournemouth,1,0,15,5,4,13,1,0,M Jones,A,D,15.0,10.0,14.0,18.0,0
2015-12-05,Southampton,1,0,23,5,10,4,1,0,Aston Villa,1,1,9,2,4,9,2,0,A Taylor,D,A,20.0,5.0,12.0,20.0,1
2015-12-06,Newcastle,2,0,6,1,2,6,3,0,Liverpool,0,0,10,1,7,10,1,0,A Marriner,H,D,10.0,23.0,19.0,7.0,2
2015-12-07,Everton,1,0,19,4,13,4,1,0,Crystal Palace,1,0,14,5,6,11,2,0,C Pawson,D,D,21.0,22.0,11.0,8.0,1
2015-12-12,West Ham,0,0,22,9,11,7,1,0,Stoke,0,0,12,3,7,9,2,0,A Marriner,D,D,23.0,22.0,7.0,11.0,1
2015-12-12,Sunderland,0,0,14,2,8,6,1,0,Watford,1,1,13,6,3,9,0,0,G Scott,A,A,12.0,22.0,19.0,11.0,0
2015-12-12,Norwich,1,0,9,2,5,9,1,0,Everton,1,1,15,3,4,6,0,0,M Atkinson,D,A,13.0,22.0,16.0,11.0,1
2015-12-12,Crystal Palace,1,1,12,5,8,11,0,0,Southampton,0,0,15,3,5,13,0,0,M Dean,H,H,23.0,21.0,9.0,12.0,2
2015-12-12,Bournemouth,2,1,11,5,5,12,2,0,Man United,1,1,11,5,7,12,1,0,A Taylor,H,D,13.0,29.0,17.0,4.0,2
2015-12-12,Man City,2,1,13,5,5,13,3,0,Swansea,1,0,13,7,5,15,1,0,R Madley,H,H,29.0,14.0,3.0,16.0,2
2015-12-13,Aston Villa,0,0,18,2,5,8,0,0,Arsenal,2,2,8,4,5,7,0,0,K Friend,A,A,6.0,30.0,20.0,3.0,0
2015-12-13,Liverpool,2,1,28,8,4,7,0,0,West Brom,2,1,4,2,4,10,0,0,C Pawson,D,D,23.0,19.0,10.0,13.0,1
2015-12-13,Tottenham,1,1,20,8,6,13,2,0,Newcastle,2,0,8,4,2,14,2,0,R East,A,H,26.0,13.0,5.0,18.0,0
2015-12-14,Leicester,2,1,9,5,1,16,2,0,Chelsea,1,0,11,5,8,8,0,0,M Clattenburg,H,H,32.0,15.0,3.0,16.0,2
2015-12-19,Southampton,0,0,11,4,4,18,1,0,Tottenham,2,2,13,6,7,9,1,0,K Friend,A,A,21.0,26.0,12.0,5.0,0
2015-12-19,Stoke,1,0,26,5,7,6,2,0,Crystal Palace,2,1,12,3,3,12,0,0,R Madley,A,A,23.0,26.0,11.0,6.0,0
2015-12-19,Newcastle,1,1,8,4,3,9,1,0,Aston Villa,1,0,10,7,7,14,3,0,M Atkinson,D,H,16.0,6.0,15.0,20.0,1
2015-12-19,West Brom,1,0,6,2,4,12,2,2,Bournemouth,2,0,16,7,8,9,1,0,M Dean,A,D,20.0,16.0,13.0,15.0,0
2015-12-19,Everton,2,1,13,5,10,6,2,0,Leicester,3,1,10,5,2,14,1,0,J Moss,A,D,23.0,35.0,10.0,1.0,0
2015-12-19,Chelsea,3,2,17,7,2,12,1,0,Sunderland,1,0,11,3,2,12,3,0,R East,H,H,15.0,12.0,16.0,19.0,2
2015-12-19,Man United,1,0,11,2,11,4,0,0,Norwich,2,1,6,4,0,10,2,0,M Oliver,A,A,29.0,14.0,5.0,18.0,0
2015-12-20,Swansea,0,0,21,2,8,6,0,0,West Ham,0,0,11,2,9,9,1,0,L Mason,D,D,14.0,24.0,18.0,8.0,1
2015-12-20,Watford,3,2,6,5,7,6,1,0,Liverpool,0,0,12,4,9,9,0,0,M Clattenburg,H,H,25.0,24.0,8.0,9.0,2
2015-12-21,Arsenal,2,2,8,5,4,5,0,0,Man City,1,0,20,6,8,16,2,0,A Marriner,H,H,33.0,32.0,2.0,3.0,2
2015-12-26,Tottenham,3,2,15,10,9,4,1,0,Norwich,0,0,11,3,4,13,2,0,M Jones,H,H,29.0,17.0,4.0,16.0,2
2015-12-26,Swansea,1,1,7,2,0,10,1,0,West Brom,0,0,9,3,7,13,3,0,R East,H,H,15.0,20.0,18.0,13.0,2
2015-12-26,Stoke,2,2,13,3,1,13,1,0,Man United,0,0,11,6,12,16,2,0,K Friend,H,H,23.0,29.0,11.0,5.0,2
2015-12-26,Newcastle,0,0,10,1,1,16,2,0,Everton,1,0,20,7,7,12,2,0,L Mason,A,D,17.0,23.0,18.0,11.0,0
2015-12-26,Southampton,4,1,15,5,3,10,1,0,Arsenal,0,0,7,4,4,9,0,0,J Moss,H,H,21.0,36.0,12.0,2.0,2
2015-12-26,Liverpool,1,0,25,4,7,11,2,0,Leicester,0,0,7,3,6,8,1,0,M Atkinson,H,D,24.0,38.0,12.0,1.0,2
2015-12-26,Chelsea,2,1,17,2,9,7,1,0,Watford,2,1,12,3,4,15,4,0,A Marriner,D,D,18.0,28.0,15.0,7.0,1
2015-12-26,Bournemouth,0,0,10,4,8,10,1,0,Crystal Palace,0,0,8,0,9,13,0,0,M Oliver,D,D,19.0,29.0,15.0,5.0,1
2015-12-26,Aston Villa,1,0,15,8,9,14,3,0,West Ham,1,1,10,4,6,13,3,0,M Dean,D,A,7.0,25.0,20.0,11.0,1
2015-12-26,Man City,4,3,19,9,5,10,1,0,Sunderland,1,0,11,3,1,11,1,0,A Taylor,H,H,32.0,12.0,4.0,19.0,2
2015-12-28,West Ham,2,0,13,5,4,6,1,0,Southampton,1,1,15,4,7,12,3,0,M Oliver,H,A,26.0,24.0,10.0,12.0,2
2015-12-28,Arsenal,2,1,13,6,9,7,2,0,Bournemouth,0,0,10,3,3,8,0,0,R East,H,H,36.0,20.0,2.0,14.0,2
2015-12-28,Crystal Palace,0,0,10,2,7,11,3,0,Swansea,0,0,5,3,4,16,2,0,N Swarbrick,D,D,30.0,18.0,5.0,16.0,1
2015-12-28,Everton,3,1,15,3,6,10,2,0,Stoke,4,2,8,5,2,12,1,0,M Clattenburg,A,A,26.0,26.0,10.0,11.0,0
2015-12-28,Man United,0,0,12,2,5,16,4,0,Chelsea,0,0,8,3,3,6,2,0,M Atkinson,D,D,29.0,19.0,6.0,15.0,1
2015-12-28,Norwich,2,1,9,4,3,10,2,0,Aston Villa,0,0,6,3,7,21,5,0,G Scott,H,H,17.0,8.0,17.0,20.0,2
2015-12-28,Watford,1,1,9,1,5,11,4,1,Tottenham,2,1,10,3,3,13,2,0,A Taylor,A,D,29.0,32.0,8.0,4.0,0
2015-12-28,West Brom,1,0,22,5,18,7,0,0,Newcastle,0,0,7,2,6,13,0,0,M Jones,H,D,20.0,17.0,14.0,18.0,2
2015-12-29,Leicester,0,0,11,4,1,11,1,0,Man City,0,0,21,5,13,8,3,0,C Pawson,D,D,38.0,35.0,2.0,4.0,1
2015-12-30,Sunderland,0,0,8,3,6,8,1,0,Liverpool,1,0,17,6,4,16,3,0,K Friend,A,D,12.0,27.0,19.0,10.0,0
2016-01-02,Arsenal,1,0,16,3,7,10,2,0,Newcastle,0,0,15,6,4,9,2,0,A Taylor,H,D,39.0,17.0,1.0,18.0,2
2016-01-02,Leicester,0,0,16,2,7,9,1,0,Bournemouth,0,0,9,0,1,5,1,1,A Marriner,D,D,39.0,20.0,2.0,16.0,1
2016-01-02,Man United,2,0,19,6,4,14,2,0,Swansea,1,0,9,4,2,10,1,0,J Moss,H,D,30.0,19.0,6.0,17.0,2
2016-01-02,Norwich,1,0,10,1,4,9,1,0,Southampton,0,0,10,4,9,7,0,1,M Clattenburg,H,D,20.0,24.0,16.0,12.0,2
2016-01-02,Sunderland,3,1,13,6,3,8,3,0,Aston Villa,1,0,8,3,3,13,4,0,C Pawson,H,H,12.0,8.0,19.0,20.0,2
2016-01-02,Watford,1,0,11,3,4,6,1,0,Man City,2,0,16,5,5,10,0,0,M Atkinson,A,D,29.0,36.0,9.0,3.0,0
2016-01-02,West Brom,2,0,16,5,4,7,1,0,Stoke,1,0,10,3,6,15,1,1,L Mason,H,D,23.0,29.0,13.0,10.0,2
2016-01-02,West Ham,2,1,18,10,3,11,1,0,Liverpool,0,0,23,2,9,8,1,0,R Madley,H,H,29.0,30.0,8.0,7.0,2
2016-01-03,Crystal Palace,0,0,8,4,5,12,3,0,Chelsea,3,1,10,4,7,15,0,0,K Friend,A,A,31.0,20.0,7.0,16.0,0
2016-01-03,Everton,1,1,12,3,4,8,1,0,Tottenham,1,1,19,4,4,11,2,0,M Oliver,D,D,26.0,35.0,11.0,4.0,1
2016-01-12,Newcastle,3,1,14,6,5,10,1,0,Man United,3,2,12,4,3,12,3,0,M Dean,D,A,17.0,33.0,18.0,5.0,1
2016-01-12,Bournemouth,1,1,11,4,4,8,1,0,West Ham,3,0,10,5,7,5,1,0,M Atkinson,A,H,21.0,32.0,16.0,6.0,0
2016-01-12,Aston Villa,1,0,13,3,9,15,2,0,Crystal Palace,0,0,9,1,0,9,1,0,M Clattenburg,H,D,8.0,31.0,20.0,7.0,2
2016-01-13,Chelsea,2,1,14,2,7,13,3,0,West Brom,2,1,13,6,7,8,3,0,A Taylor,D,D,23.0,26.0,14.0,12.0,1
2016-01-13,Liverpool,3,2,22,6,9,9,2,0,Arsenal,3,2,14,5,3,7,0,0,M Jones,D,D,30.0,42.0,8.0,1.0,1
2016-01-13,Man City,0,0,22,5,12,5,0,0,Everton,0,0,7,2,5,6,1,0,R East,D,D,39.0,27.0,3.0,11.0,1
2016-01-13,Southampton,2,1,15,7,8,9,1,0,Watford,0,0,4,1,1,11,2,0,C Pawson,H,H,24.0,29.0,13.0,9.0,2
2016-01-13,Stoke,3,0,14,4,7,5,0,0,Norwich,1,0,5,2,3,8,1,1,N Swarbrick,H,D,29.0,23.0,10.0,15.0,2
2016-01-13,Swansea,2,2,10,5,8,9,2,1,Sunderland,4,1,7,5,6,12,0,0,G Scott,A,H,19.0,15.0,17.0,19.0,0
2016-01-13,Tottenham,0,0,21,5,16,13,1,0,Leicester,1,0,10,2,8,10,0,0,L Mason,A,D,36.0,40.0,4.0,3.0,0
2016-01-16,Tottenham,4,1,26,11,11,8,0,0,Sunderland,1,1,5,2,3,13,2,0,M Dean,H,D,36.0,18.0,4.0,18.0,2
2016-01-16,Southampton,3,2,9,5,1,10,0,0,West Brom,0,0,9,0,3,11,0,0,M Atkinson,H,H,27.0,27.0,12.0,13.0,2
2016-01-16,Newcastle,2,2,23,10,3,9,1,0,West Ham,1,0,10,3,3,4,0,0,N Swarbrick,H,H,18.0,35.0,18.0,5.0,2
2016-01-16,Bournemouth,3,1,15,8,5,8,1,0,Norwich,0,0,10,3,3,13,1,0,R Madley,H,H,21.0,23.0,16.0,15.0,2
2016-01-16,Chelsea,3,0,14,7,6,12,1,0,Everton,3,0,9,4,4,5,1,0,M Jones,D,D,24.0,28.0,14.0,12.0,1
2016-01-16,Aston Villa,1,0,14,5,3,13,3,0,Leicester,1,1,12,5,4,15,2,0,R East,D,A,11.0,43.0,20.0,2.0,1
2016-01-16,Man City,4,2,17,4,5,10,0,0,Crystal Palace,0,0,9,3,6,11,2,0,J Moss,H,H,40.0,31.0,3.0,8.0,2
2016-01-17,Liverpool,0,0,19,4,5,6,0,0,Man United,1,0,7,1,4,18,2,0,M Clattenburg,A,D,31.0,34.0,9.0,6.0,0
2016-01-17,Stoke,0,0,14,6,6,16,0,0,Arsenal,0,0,8,3,6,10,0,0,C Pawson,D,D,32.0,43.0,7.0,3.0,1
2016-01-18,Swansea,1,1,10,2,6,8,2,0,Watford,0,0,13,2,3,11,2,0,M Oliver,H,H,19.0,29.0,18.0,12.0,2
2016-01-23,West Ham,2,1,10,3,5,11,2,0,Man City,2,1,16,3,2,15,3,0,C Pawson,D,D,35.0,43.0,6.0,3.0,1
2016-01-23,West Brom,0,0,4,0,2,7,0,0,Aston Villa,0,0,15,4,6,13,1,0,R Madley,D,D,27.0,12.0,13.0,20.0,1
2016-01-23,Watford,2,0,13,5,2,10,2,0,Newcastle,1,0,11,2,7,12,1,0,A Marriner,H,D,29.0,21.0,12.0,18.0,2
2016-01-23,Sunderland,1,1,10,5,3,5,1,0,Bournemouth,1,1,15,5,4,9,1,0,R East,D,D,18.0,24.0,19.0,15.0,1
2016-01-23,Norwich,4,2,6,5,3,10,0,0,Liverpool,5,1,13,7,3,14,1,0,L Mason,A,H,23.0,31.0,16.0,10.0,0
2016-01-23,Leicester,3,1,15,5,8,10,0,0,Stoke,0,0,3,2,4,13,1,0,M Dean,H,H,44.0,33.0,3.0,8.0,2
2016-01-23,Crystal Palace,1,1,11,3,3,11,2,0,Tottenham,3,0,24,11,10,12,2,0,M Atkinson,A,H,31.0,39.0,10.0,4.0,0
2016-01-23,Man United,0,0,8,1,4,11,0,0,Southampton,1,0,7,2,4,8,0,0,M Jones,A,D,37.0,30.0,5.0,11.0,0
2016-01-24,Arsenal,0,0,9,1,6,14,1,1,Chelsea,1,1,12,6,7,13,3,0,M Clattenburg,A,A,44.0,25.0,3.0,14.0,0
2016-01-24,Everton,1,1,20,2,7,5,0,0,Swansea,2,2,7,5,1,12,3,0,A Taylor,A,A,29.0,22.0,12.0,17.0,0
2016-02-02,West Brom,1,0,17,7,7,12,0,0,Swansea,1,0,18,4,7,13,0,0,N Swarbrick,D,D,28.0,25.0,14.0,15.0,1
2016-02-02,West Ham,2,0,25,6,5,9,3,0,Aston Villa,0,0,6,2,5,11,0,1,J Moss,H,D,36.0,13.0,6.0,20.0,2
2016-02-02,Norwich,0,0,10,2,6,8,2,0,Tottenham,3,2,17,6,8,9,2,0,K Friend,A,A,23.0,42.0,17.0,4.0,0
2016-02-02,Sunderland,0,0,11,2,8,6,1,0,Man City,1,1,6,2,4,15,4,0,S Attwell,A,A,19.0,44.0,19.0,3.0,0
2016-02-02,Leicester,2,0,13,6,3,6,0,0,Liverpool,0,0,14,2,12,7,1,0,A Marriner,H,D,47.0,34.0,2.0,7.0,2
2016-02-02,Arsenal,0,0,21,11,13,11,2,0,Southampton,0,0,14,3,3,19,1,0,L Mason,D,D,44.0,33.0,4.0,8.0,1
2016-02-02,Man United,3,2,15,5,2,13,2,0,Stoke,0,0,10,0,5,13,1,0,R East,H,H,37.0,33.0,6.0,9.0,2
2016-02-02,Crystal Palace,1,1,14,3,5,11,3,0,Bournemouth,2,1,8,4,3,15,4,0,M Jones,A,D,31.0,25.0,11.0,16.0,0
2016-02-03,Everton,3,1,18,7,3,8,1,0,Newcastle,0,0,7,3,3,15,2,1,C Pawson,H,H,29.0,21.0,12.0,18.0,2
2016-02-03,Watford,0,0,12,3,7,10,2,0,Chelsea,0,0,12,4,7,13,1,0,M Dean,D,D,32.0,28.0,11.0,14.0,1
2016-02-06,Tottenham,1,0,26,9,15,12,0,0,Watford,0,0,3,0,1,9,1,0,R East,H,D,45.0,33.0,3.0,9.0,2
2016-02-06,Swansea,1,1,19,3,9,11,1,0,Crystal Palace,1,0,12,2,5,14,2,0,M Dean,D,H,26.0,31.0,16.0,12.0,1
2016-02-06,Southampton,1,1,8,2,4,17,1,1,West Ham,0,0,18,2,5,10,2,0,M Clattenburg,H,H,34.0,39.0,7.0,6.0,2
2016-02-06,Stoke,0,0,11,3,6,11,1,0,Everton,3,3,14,6,4,8,0,0,A Marriner,A,A,33.0,32.0,10.0,11.0,0
2016-02-06,Man City,1,0,22,4,11,9,2,0,Leicester,3,1,14,7,4,15,2,0,A Taylor,A,A,47.0,50.0,3.0,1.0,0
2016-02-06,Liverpool,2,0,16,5,7,4,1,0,Sunderland,2,0,7,2,2,12,1,0,R Madley,D,D,34.0,19.0,9.0,19.0,1
2016-02-06,Aston Villa,2,1,10,3,2,10,0,0,Norwich,0,0,12,4,11,11,2,0,M Atkinson,H,H,13.0,23.0,20.0,17.0,2
2016-02-06,Newcastle,1,1,19,7,8,12,0,0,West Brom,0,0,7,0,4,12,3,0,L Mason,H,H,21.0,29.0,18.0,14.0,2
2016-02-07,Bournemouth,0,0,17,4,7,6,0,0,Arsenal,2,2,10,5,3,8,1,0,K Friend,A,A,28.0,45.0,15.0,4.0,0
2016-02-07,Chelsea,1,0,16,5,10,6,0,0,Man United,1,0,17,7,11,9,3,0,M Oliver,D,D,29.0,40.0,13.0,5.0,1
2016-02-13,Swansea,0,0,13,2,5,10,0,0,Southampton,1,0,13,5,4,12,3,0,J Moss,A,D,27.0,37.0,16.0,7.0,0
2016-02-13,Bournemouth,1,0,11,2,9,7,4,0,Stoke,3,1,11,6,2,18,2,0,G Scott,A,A,28.0,33.0,15.0,11.0,0
2016-02-13,Chelsea,5,3,15,5,8,16,0,1,Newcastle,1,0,10,4,3,14,1,0,R Madley,H,H,30.0,24.0,13.0,17.0,2
2016-02-13,Crystal Palace,1,1,14,7,8,11,0,0,Watford,2,1,10,3,5,16,2,0,R East,A,D,32.0,33.0,13.0,12.0,0
2016-02-13,Everton,0,0,34,6,14,9,1,0,West Brom,1,1,5,1,1,12,3,0,M Oliver,A,A,35.0,29.0,10.0,14.0,0
2016-02-13,Norwich,2,0,13,3,3,16,2,0,West Ham,2,0,11,6,3,11,2,0,M Jones,D,D,23.0,39.0,18.0,7.0,1
2016-02-13,Sunderland,2,1,21,5,6,7,2,0,Man United,1,1,12,6,8,15,3,0,A Marriner,H,D,20.0,41.0,19.0,5.0,2
2016-02-14,Man City,1,0,19,4,7,12,1,0,Tottenham,2,0,6,3,1,17,3,0,M Clattenburg,A,D,47.0,48.0,4.0,2.0,0
2016-02-14,Arsenal,2,0,24,6,11,9,4,0,Leicester,1,1,7,3,1,10,3,1,M Atkinson,H,A,48.0,53.0,3.0,1.0,2
2016-02-14,Aston Villa,0,0,6,1,0,10,3,0,Liverpool,6,2,11,9,6,9,1,0,N Swarbrick,A,A,16.0,35.0,20.0,11.0,0
2016-02-27,Leicester,1,0,13,3,3,9,0,0,Norwich,0,0,9,1,4,11,2,0,N Swarbrick,H,D,53.0,24.0,1.0,17.0,2
2016-02-27,Southampton,1,1,7,2,7,10,3,0,Chelsea,2,0,16,4,8,11,1,0,M Atkinson,A,H,40.0,33.0,6.0,12.0,0
2016-02-27,Stoke,2,0,11,3,11,7,0,0,Aston Villa,1,0,5,1,0,15,3,0,K Friend,H,D,36.0,16.0,11.0,20.0,2
2016-02-27,Watford,0,0,14,1,4,14,3,0,Bournemouth,0,0,11,3,5,17,1,0,A Taylor,D,D,36.0,28.0,11.0,15.0,1
2016-02-27,West Brom,3,3,11,5,3,14,2,0,Crystal Palace,2,0,15,2,6,16,2,0,J Moss,H,H,32.0,32.0,14.0,13.0,2
2016-02-27,West Ham,1,1,9,3,5,11,1,0,Sunderland,0,0,13,4,6,9,0,0,M Dean,H,H,40.0,23.0,6.0,19.0,2
2016-02-28,Tottenham,2,0,34,14,7,11,2,0,Swansea,1,1,10,4,7,14,3,0,M Jones,H,A,51.0,27.0,2.0,16.0,2
2016-02-28,Man United,3,2,7,5,2,21,4,0,Arsenal,2,1,13,5,3,15,3,0,C Pawson,H,H,41.0,51.0,6.0,3.0,2
2016-03-01,Bournemouth,2,1,9,4,10,11,0,0,Southampton,0,0,6,1,2,18,0,0,M Dean,H,H,29.0,40.0,15.0,7.0,2
2016-03-01,Sunderland,2,1,17,6,4,11,1,0,Crystal Palace,2,0,13,5,5,14,1,0,A Taylor,D,H,23.0,32.0,19.0,14.0,1
2016-03-01,Norwich,1,0,13,2,4,17,3,0,Chelsea,2,2,10,2,4,5,2,0,L Mason,A,A,24.0,36.0,18.0,11.0,0
2016-03-01,Aston Villa,1,0,14,5,9,8,3,0,Everton,3,2,10,7,8,7,1,0,R East,A,A,16.0,35.0,20.0,12.0,0
2016-03-01,Leicester,2,2,22,5,11,10,0,0,West Brom,2,1,11,3,3,8,2,0,M Clattenburg,D,H,56.0,35.0,1.0,13.0,1
2016-03-02,Stoke,1,0,9,2,5,11,1,0,Newcastle,0,0,5,3,2,6,0,0,N Swarbrick,H,D,39.0,24.0,9.0,19.0,2
2016-03-02,Arsenal,1,1,18,4,7,8,0,0,Swansea,2,1,11,2,3,11,2,0,R Madley,A,D,51.0,27.0,3.0,16.0,0
2016-03-02,Liverpool,3,2,11,7,3,14,0,0,Man City,0,0,4,2,2,14,1,0,M Atkinson,H,H,38.0,47.0,11.0,4.0,2
2016-03-02,Man United,1,0,14,3,9,7,1,0,Watford,0,0,13,3,7,17,2,0,M Jones,H,D,44.0,37.0,5.0,12.0,2
2016-03-02,West Ham,1,1,14,3,6,10,0,0,Tottenham,0,0,9,2,3,11,3,0,A Marriner,H,H,43.0,54.0,6.0,2.0,2
2016-03-05,Swansea,1,0,10,3,5,14,2,0,Norwich,0,0,8,3,0,15,5,0,C Pawson,H,D,30.0,24.0,16.0,18.0,2
2016-03-05,Watford,0,0,11,4,3,10,2,0,Leicester,1,0,14,7,8,11,2,0,J Moss,A,D,37.0,57.0,12.0,1.0,0
2016-03-05,Southampton,1,0,16,5,12,9,2,1,Sunderland,1,0,11,3,2,9,1,0,N Swarbrick,D,D,40.0,24.0,9.0,17.0,1
2016-03-05,Tottenham,2,0,26,11,9,9,2,0,Arsenal,2,1,10,4,2,10,2,1,M Oliver,D,A,54.0,51.0,2.0,3.0,1
2016-03-05,Man City,4,0,22,9,9,10,0,0,Aston Villa,0,0,2,1,1,10,1,0,L Mason,H,D,47.0,16.0,4.0,20.0,2
2016-03-05,Chelsea,1,1,20,7,8,9,1,0,Stoke,1,0,16,5,4,10,2,0,M Clattenburg,D,H,39.0,42.0,10.0,7.0,1
2016-03-05,Newcastle,1,0,14,3,5,13,1,0,Bournemouth,3,1,16,5,4,8,3,0,P Tierney,A,A,24.0,32.0,19.0,16.0,0
2016-03-05,Everton,2,1,15,8,9,12,2,1,West Ham,3,0,17,5,6,13,3,0,A Taylor,A,H,38.0,46.0,11.0,6.0,0
2016-03-06,Crystal Palace,1,0,14,4,6,12,1,0,Liverpool,2,0,19,5,6,16,2,1,A Marriner,A,D,33.0,41.0,15.0,9.0,0
2016-03-06,West Brom,1,0,9,2,4,8,1,0,Man United,0,0,7,1,5,7,0,1,M Dean,H,D,36.0,47.0,13.0,6.0,2
2016-03-12,Bournemouth,3,1,12,4,5,12,1,0,Swansea,2,1,12,4,3,11,0,0,R East,H,D,35.0,33.0,14.0,16.0,2
2016-03-12,Norwich,0,0,5,0,3,15,3,0,Man City,0,0,15,3,8,10,1,0,J Moss,D,D,24.0,50.0,18.0,4.0,1
2016-03-12,Stoke,1,0,13,2,1,13,1,0,Southampton,2,2,11,4,4,12,2,1,L Mason,A,A,43.0,41.0,8.0,9.0,0
2016-03-13,Aston Villa,0,0,11,2,5,6,0,0,Tottenham,2,1,19,8,8,6,0,0,A Taylor,A,A,16.0,55.0,20.0,2.0,0
2016-03-14,Leicester,1,1,10,1,8,4,0,0,Newcastle,0,0,13,2,4,9,0,0,C Pawson,H,H,60.0,24.0,1.0,19.0,2
2016-03-19,West Brom,0,0,10,0,4,8,1,0,Norwich,1,0,7,1,3,13,2,0,A Taylor,A,D,39.0,25.0,11.0,18.0,0
2016-03-19,Watford,1,0,9,4,9,10,3,0,Stoke,2,1,9,6,2,14,1,0,C Pawson,A,A,37.0,43.0,14.0,9.0,0
2016-03-19,Swansea,1,0,10,1,4,9,3,0,Aston Villa,0,0,12,2,6,10,2,0,M Dean,H,D,33.0,16.0,16.0,20.0,2
2016-03-19,Everton,0,0,8,2,7,7,0,0,Arsenal,2,2,11,3,5,10,0,0,M Clattenburg,A,A,38.0,52.0,12.0,3.0,0
2016-03-19,Crystal Palace,0,0,12,4,10,9,1,0,Leicester,1,1,8,3,7,13,1,0,M Jones,A,A,33.0,63.0,16.0,1.0,0
2016-03-19,Chelsea,2,1,22,5,10,13,3,0,West Ham,2,1,13,6,9,14,5,0,R Madley,D,D,40.0,49.0,10.0,5.0,1
2016-03-20,Man City,0,0,26,2,11,9,1,0,Man United,1,1,5,3,5,12,1,0,M Oliver,A,A,51.0,47.0,4.0,6.0,0
2016-03-20,Newcastle,1,0,17,8,2,14,4,0,Sunderland,1,1,14,4,5,7,1,0,M Atkinson,D,A,24.0,25.0,19.0,18.0,1
2016-03-20,Southampton,3,0,16,5,3,10,1,0,Liverpool,2,2,18,9,5,13,3,0,R East,H,A,44.0,44.0,8.0,9.0,2
2016-03-20,Tottenham,3,2,17,8,4,11,0,0,Bournemouth,0,0,2,0,5,6,1,0,N Swarbrick,H,H,58.0,38.0,2.0,13.0,2
2016-04-02,West Ham,2,2,18,6,4,12,2,1,Crystal Palace,2,1,12,5,5,19,2,0,M Clattenburg,D,H,50.0,33.0,5.0,16.0,1
2016-04-02,Sunderland,0,0,22,7,9,11,1,0,West Brom,0,0,3,0,3,13,1,0,R East,D,D,26.0,39.0,18.0,11.0,1
2016-04-02,Stoke,2,1,12,5,5,6,0,0,Swansea,2,0,12,3,5,16,1,0,M Atkinson,D,H,46.0,36.0,8.0,15.0,1
2016-04-02,Norwich,3,1,13,6,6,6,0,0,Newcastle,2,0,13,5,5,11,0,0,M Dean,H,H,28.0,25.0,17.0,19.0,2
2016-04-02,Liverpool,1,0,15,7,12,11,2,0,Tottenham,1,0,18,5,9,11,0,0,J Moss,D,D,44.0,61.0,9.0,2.0,1
2016-04-02,Bournemouth,0,0,11,2,4,9,0,0,Man City,4,3,15,7,4,8,1,0,R Madley,A,A,38.0,51.0,13.0,4.0,0
2016-04-02,Aston Villa,0,0,15,4,7,12,4,1,Chelsea,4,2,11,8,2,8,1,0,N Swarbrick,A,A,16.0,41.0,20.0,10.0,0
2016-04-02,Arsenal,4,2,19,12,8,7,1,0,Watford,0,0,6,2,3,10,1,0,A Taylor,H,H,55.0,37.0,3.0,14.0,2
2016-04-03,Leicester,1,1,11,4,7,12,2,0,Southampton,0,0,10,2,8,13,2,0,M Oliver,H,H,66.0,47.0,1.0,7.0,2
2016-04-03,Man United,1,0,10,2,5,15,2,0,Everton,0,0,7,1,5,6,0,0,A Marriner,H,D,50.0,38.0,6.0,12.0,2
2016-04-09,West Ham,3,2,19,7,7,11,2,0,Arsenal,3,2,11,6,4,8,0,0,C Pawson,D,D,51.0,58.0,6.0,3.0,1
2016-04-09,Swansea,1,1,12,6,1,15,5,0,Chelsea,0,0,8,2,9,13,4,0,A Marriner,H,H,37.0,44.0,15.0,10.0,2
2016-04-09,Southampton,3,2,20,6,11,8,0,0,Newcastle,1,0,5,3,2,7,0,0,R Madley,H,H,47.0,25.0,7.0,19.0,2
2016-04-09,Watford,1,1,13,5,7,13,2,0,Everton,1,1,12,7,6,10,1,0,K Friend,D,D,37.0,38.0,15.0,13.0,1
2016-04-09,Crystal Palace,1,0,13,6,10,13,2,0,Norwich,0,0,13,4,4,10,1,0,M Oliver,H,D,34.0,31.0,16.0,17.0,2
2016-04-09,Aston Villa,1,0,6,1,3,13,2,0,Bournemouth,2,1,12,3,8,11,2,0,M Atkinson,A,A,16.0,38.0,20.0,15.0,0
2016-04-09,Man City,2,1,13,4,8,10,0,0,West Brom,1,1,13,2,8,7,1,0,M Jones,H,D,54.0,40.0,4.0,12.0,2
2016-04-10,Liverpool,4,2,14,6,6,14,0,0,Stoke,1,1,10,3,3,14,2,0,M Clattenburg,H,H,45.0,47.0,9.0,8.0,2
2016-04-10,Sunderland,0,0,15,1,1,9,1,0,Leicester,2,0,17,7,7,9,1,0,A Taylor,A,D,27.0,69.0,18.0,1.0,0
2016-04-10,Tottenham,3,0,16,8,2,10,3,0,Man United,0,0,5,1,7,10,3,0,M Dean,H,D,62.0,53.0,2.0,5.0,2
2016-04-13,Crystal Palace,0,0,18,6,10,7,0,0,Everton,0,0,9,5,7,9,1,1,M Jones,D,D,37.0,39.0,16.0,14.0,1
2016-04-16,West Brom,0,0,16,4,9,11,0,0,Watford,1,1,11,4,3,17,3,0,M Oliver,A,A,40.0,38.0,14.0,15.0,0
2016-04-16,Chelsea,0,0,11,4,11,12,2,1,Man City,3,1,11,8,3,15,3,0,M Dean,A,A,44.0,57.0,10.0,4.0,0
2016-04-16,Everton,1,0,7,2,3,8,1,0,Southampton,1,0,18,4,10,14,1,0,C Pawson,D,D,40.0,50.0,13.0,7.0,1
2016-04-16,Man United,1,1,13,4,14,9,0,0,Aston Villa,0,0,7,1,3,10,1,0,K Friend,H,H,53.0,16.0,5.0,20.0,2
2016-04-16,Newcastle,3,1,12,7,3,13,2,0,Swansea,0,0,11,1,7,9,1,0,L Mason,H,H,25.0,40.0,19.0,14.0,2
2016-04-16,Norwich,0,0,19,6,14,7,2,0,Sunderland,3,1,8,3,0,11,2,0,A Marriner,A,A,31.0,27.0,17.0,19.0,0
2016-04-17,Leicester,2,1,6,2,0,14,1,1,West Ham,2,0,19,4,5,14,3,0,J Moss,D,H,72.0,52.0,1.0,6.0,1
2016-04-17,Arsenal,1,1,21,6,10,7,0,0,Crystal Palace,1,0,7,2,5,13,2,0,R East,D,H,59.0,38.0,4.0,16.0,1
2016-04-17,Bournemouth,1,0,18,5,5,9,0,0,Liverpool,2,2,19,6,4,9,0,0,M Jones,A,A,41.0,48.0,13.0,8.0,0
2016-04-18,Stoke,0,0,12,2,5,12,2,0,Tottenham,4,1,23,6,3,12,0,0,N Swarbrick,A,A,47.0,65.0,9.0,2.0,0
2016-04-19,Newcastle,1,1,5,3,5,13,3,0,Man City,1,1,9,5,3,8,2,0,K Friend,D,D,28.0,60.0,19.0,3.0,1
2016-04-20,Liverpool,4,2,37,13,9,8,1,0,Everton,0,0,3,0,1,11,1,1,R Madley,H,H,51.0,41.0,8.0,11.0,2
2016-04-20,Man United,2,1,16,10,10,13,1,0,Crystal Palace,0,0,5,0,2,7,2,0,L Mason,H,H,56.0,39.0,5.0,16.0,2
2016-04-20,West Ham,3,2,18,7,4,11,0,0,Watford,1,0,7,4,2,17,2,1,M Dean,H,H,53.0,41.0,7.0,12.0,2
2016-04-21,Arsenal,2,2,16,7,2,14,0,0,West Brom,0,0,8,1,6,14,1,0,J Moss,H,H,60.0,40.0,4.0,14.0,2
2016-04-23,Liverpool,2,2,13,4,5,8,1,0,Newcastle,2,0,6,3,4,17,1,0,A Marriner,D,H,54.0,29.0,7.0,19.0,1
2016-04-23,Aston Villa,2,1,16,7,6,8,2,0,Southampton,4,2,17,7,11,9,0,0,N Swarbrick,A,A,16.0,51.0,20.0,8.0,0
2016-04-23,Bournemouth,1,1,13,4,10,11,1,0,Chelsea,4,2,16,4,7,4,0,0,R East,A,A,41.0,44.0,13.0,10.0,0
2016-04-23,Man City,4,2,11,6,9,8,0,0,Stoke,0,0,14,2,4,8,0,0,R Madley,H,H,61.0,47.0,4.0,10.0,2
2016-04-24,Sunderland,0,0,12,3,7,10,2,0,Arsenal,0,0,20,7,7,8,4,0,M Dean,D,D,30.0,63.0,18.0,4.0,1
2016-04-24,Leicester,4,2,18,9,4,15,1,0,Swansea,0,0,9,1,6,10,2,0,M Clattenburg,H,H,73.0,40.0,1.0,14.0,2
2016-04-25,Tottenham,1,1,19,2,9,8,0,0,West Brom,1,0,16,3,7,13,1,0,M Jones,D,H,68.0,40.0,2.0,14.0,1
2016-04-30,Arsenal,1,0,14,3,7,8,1,0,Norwich,0,0,12,3,3,7,0,0,M Jones,H,D,64.0,31.0,4.0,18.0,2
2016-04-30,Everton,2,1,12,5,3,4,1,0,Bournemouth,1,1,16,2,5,8,0,0,N Swarbrick,H,D,41.0,41.0,11.0,14.0,2
2016-04-30,Newcastle,1,0,10,4,4,11,2,0,Crystal Palace,0,0,9,3,8,12,0,0,M Dean,H,D,30.0,39.0,19.0,16.0,2
2016-04-30,Stoke,1,0,11,3,2,13,2,0,Sunderland,1,0,14,5,8,13,2,0,C Pawson,D,D,47.0,31.0,10.0,18.0,1
2016-04-30,Watford,3,1,18,6,8,14,2,0,Aston Villa,2,1,7,2,4,10,3,1,A Taylor,H,D,41.0,16.0,12.0,20.0,2
2016-04-30,West Brom,0,0,15,5,8,14,0,0,West Ham,3,2,8,4,6,7,0,0,L Mason,A,A,41.0,56.0,13.0,6.0,0
2016-05-01,Man United,1,1,21,6,6,16,3,0,Leicester,1,1,14,3,5,10,0,1,M Oliver,D,D,59.0,76.0,6.0,1.0,1
2016-05-01,Southampton,4,2,14,7,8,12,2,0,Man City,2,1,6,5,2,9,1,0,A Marriner,H,H,54.0,64.0,8.0,4.0,2
2016-05-01,Swansea,3,2,18,9,4,12,2,0,Liverpool,1,0,11,3,7,13,2,1,R East,H,H,40.0,55.0,15.0,8.0,2
2016-05-02,Chelsea,2,0,13,5,7,9,3,0,Tottenham,2,2,16,5,8,20,9,0,M Clattenburg,D,A,47.0,69.0,10.0,2.0,1
2016-05-07,Aston Villa,0,0,2,0,0,8,1,0,Newcastle,0,0,9,3,5,13,1,0,R Madley,D,D,16.0,33.0,20.0,17.0,1
2016-05-07,Bournemouth,1,0,12,4,5,5,2,0,West Brom,1,1,12,4,3,8,1,0,M Clattenburg,D,A,41.0,41.0,15.0,14.0,1
2016-05-07,Crystal Palace,2,0,17,4,4,8,2,0,Stoke,1,1,12,3,3,18,3,0,K Friend,H,A,39.0,48.0,16.0,10.0,2
2016-05-07,Leicester,3,2,32,8,12,4,0,0,Everton,1,0,9,5,4,12,3,0,A Marriner,H,H,77.0,44.0,1.0,11.0,2
2016-05-07,Norwich,0,0,8,2,1,11,1,0,Man United,1,0,15,2,6,10,0,0,C Pawson,A,D,31.0,60.0,19.0,5.0,0
2016-05-07,Sunderland,3,1,15,4,3,11,4,0,Chelsea,2,2,9,8,3,9,1,1,M Jones,H,A,32.0,48.0,18.0,9.0,2
2016-05-07,West Ham,1,0,25,7,13,11,3,0,Swansea,4,2,13,6,3,8,0,0,M Oliver,A,A,59.0,43.0,6.0,13.0,0
2016-05-08,Tottenham,1,1,20,6,10,8,0,0,Southampton,2,1,10,2,2,16,3,0,J Moss,A,D,70.0,57.0,2.0,7.0,0
2016-05-08,Man City,2,1,14,3,7,16,2,0,Arsenal,2,1,5,2,2,10,1,0,A Taylor,D,D,64.0,67.0,4.0,3.0,1
2016-05-08,Liverpool,2,1,19,5,8,10,1,0,Watford,0,0,14,3,8,15,2,0,L Mason,H,H,55.0,44.0,8.0,13.0,2
2016-05-10,West Ham,3,1,20,6,6,6,1,0,Man United,2,0,3,2,2,18,3,0,M Dean,H,H,59.0,63.0,7.0,5.0,2
2016-05-11,Liverpool,1,0,28,9,7,11,3,0,Chelsea,1,1,13,7,3,12,1,0,M Oliver,D,A,58.0,48.0,8.0,9.0,1
2016-05-11,Norwich,4,3,18,6,5,8,2,0,Watford,2,1,12,7,1,12,3,0,R East,H,H,31.0,44.0,19.0,13.0,2
2016-05-11,Sunderland,3,2,14,8,5,15,1,0,Everton,0,0,17,6,5,7,0,0,A Taylor,H,H,35.0,44.0,17.0,12.0,2
2016-05-15,Watford,2,0,21,6,7,11,1,0,Sunderland,2,1,6,4,4,10,0,0,K Friend,D,A,44.0,38.0,13.0,17.0,1
2016-05-15,Swansea,1,1,4,1,4,4,1,0,Man City,1,1,18,5,4,19,3,0,M Dean,D,D,46.0,65.0,11.0,4.0,1
2016-05-15,Stoke,2,0,7,4,4,8,3,0,West Ham,1,1,20,7,10,12,1,0,M Jones,H,A,48.0,62.0,10.0,6.0,2
2016-05-15,Southampton,4,1,18,5,2,7,1,0,Crystal Palace,1,0,16,4,5,14,2,0,M Oliver,H,H,60.0,42.0,7.0,14.0,2
2016-05-15,West Brom,1,1,13,1,7,11,3,0,Liverpool,1,1,7,3,5,14,1,0,R Madley,D,D,42.0,59.0,15.0,8.0,1
2016-05-15,Everton,3,2,15,8,4,7,0,0,Norwich,0,0,10,2,11,11,0,0,L Mason,H,H,44.0,34.0,13.0,19.0,2
2016-05-15,Chelsea,1,0,17,4,7,4,0,0,Leicester,1,0,18,5,6,12,0,0,C Pawson,D,D,49.0,80.0,10.0,1.0,1
2016-05-15,Arsenal,4,1,16,7,5,12,0,0,Aston Villa,0,0,5,2,4,6,1,0,M Clattenburg,H,H,68.0,17.0,3.0,20.0,2
2016-05-15,Newcastle,5,2,19,10,3,7,1,1,Tottenham,1,0,17,5,8,6,2,0,A Taylor,H,H,34.0,70.0,18.0,3.0,2
2016-05-17,Man United,3,1,12,5,7,9,1,0,Bournemouth,1,0,7,0,1,8,0,0,J Moss,H,H,63.0,42.0,6.0,16.0,2
